id,taskId,userId,text,createdAt,updatedAt
1,1,1,Created task,2025-06-18T13:07:13.484Z,2025-06-18T13:07:13.484Z
2,1,1,Created task,2025-06-18T13:07:13.484Z,2025-06-18T13:07:13.484Z
3,1,3,Created Task,2025-06-18T13:07:13.484Z,2025-06-18T13:07:13.484Z
4,1,1,Changed task status from TODO to QA TEST,2025-06-18T13:11:44.850Z,2025-06-18T13:11:44.850Z
5,2,1,Changed task status from IN PROGRESS to READY FOR PROD,2025-06-18T13:11:46.311Z,2025-06-18T13:11:46.311Z
6,1,1,Changed task status from QA TEST to IN PROGRESS,2025-06-18T13:11:47.631Z,2025-06-18T13:11:47.631Z
7,2,1,Changed task status from READY FOR PROD to QA TEST,2025-06-18T13:12:05.279Z,2025-06-18T13:12:05.279Z
8,2,1,Changed task status from QA TEST to TODO,2025-06-18T13:12:09.489Z,2025-06-18T13:12:09.489Z
9,3,1,Changed task status from TODO to QA TEST,2025-06-18T13:13:50.113Z,2025-06-18T13:13:50.113Z
10,2,1,Changed task status from TODO to QA TEST,2025-06-18T13:14:08.616Z,2025-06-18T13:14:08.616Z
11,1,1,Changed task status from IN PROGRESS to TODO,2025-06-18T13:14:09.855Z,2025-06-18T13:14:09.855Z
12,3,1,Changed task status from QA TEST to IN PROGRESS,2025-06-18T13:14:10.801Z,2025-06-18T13:14:10.801Z
13,1,1,Changed task status from TODO to QA TEST,2025-06-18T13:14:20.610Z,2025-06-18T13:14:20.610Z
14,3,1,Changed task status from IN PROGRESS to READY FOR PROD,2025-06-18T13:14:22.762Z,2025-06-18T13:14:22.762Z
15,3,1,Changed task status from READY FOR PROD to TODO,2025-06-18T13:14:23.895Z,2025-06-18T13:14:23.895Z
16,3,1,Changed task status from TODO to IN PROGRESS,2025-06-18T13:16:25.573Z,2025-06-18T13:16:25.573Z
17,2,1,Changed task status from QA TEST to TODO,2025-06-18T13:16:26.452Z,2025-06-18T13:16:26.452Z
18,3,1,Changed task status from IN PROGRESS to TODO,2025-06-18T13:17:15.932Z,2025-06-18T13:17:15.932Z
19,1,1,Changed task status from QA TEST to TODO,2025-06-18T13:17:17.991Z,2025-06-18T13:17:17.991Z
20,3,1,Changed task status from TODO to QA TEST,2025-06-18T13:18:40.494Z,2025-06-18T13:18:40.494Z
21,1,1,Changed task status from TODO to READY FOR PROD,2025-06-18T13:18:42.217Z,2025-06-18T13:18:42.217Z
22,3,1,Changed task status from QA TEST to TODO,2025-06-18T13:41:02.339Z,2025-06-18T13:41:02.339Z
23,1,1,Changed task status from READY FOR PROD to IN PROGRESS,2025-06-18T13:41:03.611Z,2025-06-18T13:41:03.611Z
24,2,1,Changed task status from TODO to QA TEST,2025-06-18T13:58:37.172Z,2025-06-18T13:58:37.172Z
25,3,1,Changed task status from TODO to QA TEST,2025-06-18T13:58:39.099Z,2025-06-18T13:58:39.099Z
26,1,1,Changed task status from IN PROGRESS to TODO,2025-06-18T17:16:15.452Z,2025-06-18T17:16:15.452Z
27,2,1,Changed task status from QA TEST to IN PROGRESS,2025-06-18T17:16:16.963Z,2025-06-18T17:16:16.963Z
28,2,1,Changed task status from IN PROGRESS to READY FOR PROD,2025-06-18T17:16:18.762Z,2025-06-18T17:16:18.762Z
29,3,1,Changed task status from QA TEST to IN PROGRESS,2025-06-19T18:19:28.495Z,2025-06-19T18:19:28.495Z
30,2,1,Changed task status from READY FOR PROD to QA TEST,2025-06-19T18:19:32.274Z,2025-06-19T18:19:32.274Z
31,3,1,Changed task status from IN PROGRESS to TODO,2025-06-19T18:19:34.880Z,2025-06-19T18:19:34.880Z
32,2,1,Changed task status from QA TEST to IN PROGRESS,2025-06-19T18:19:36.126Z,2025-06-19T18:19:36.126Z
33,1,1,Changed task status from TODO to QA TEST,2025-06-19T18:37:32.570Z,2025-06-19T18:37:32.570Z
34,3,1,Changed task status from TODO to QA TEST,2025-06-19T18:37:35.247Z,2025-06-19T18:37:35.247Z
35,1,1,Changed task status from QA TEST to TODO,2025-06-19T18:37:38.448Z,2025-06-19T18:37:38.448Z
36,2,1,Changed task status from IN PROGRESS to TODO,2025-06-19T18:37:39.359Z,2025-06-19T18:37:39.359Z
37,1,1,Changed task status from TODO to QA TEST,2025-06-19T18:37:40.215Z,2025-06-19T18:37:40.215Z
38,3,1,Changed task status from QA TEST to IN PROGRESS,2025-06-19T18:37:41.158Z,2025-06-19T18:37:41.158Z
39,1,1,Changed task status from QA TEST to DONE,2025-06-19T18:37:42.082Z,2025-06-19T18:37:42.082Z
40,2,1,Changed task status from TODO to QA TEST,2025-06-19T19:10:35.824Z,2025-06-19T19:10:35.824Z
41,1,1,Changed task status from DONE to TODO,2025-06-19T19:10:40.693Z,2025-06-19T19:10:40.693Z
42,2,1,Changed task status from QA TEST to READY FOR PROD,2025-06-19T19:10:42.547Z,2025-06-19T19:10:42.547Z
43,2,1,Changed task status from READY FOR PROD to QA TEST,2025-06-19T19:20:02.033Z,2025-06-19T19:20:02.033Z
44,2,1,Changed task status from QA TEST to TODO,2025-06-19T20:08:50.098Z,2025-06-19T20:08:50.098Z
45,1,1,Changed task status from TODO to READY FOR PROD,2025-06-19T20:08:51.457Z,2025-06-19T20:08:51.457Z
46,1,1,Changed task status from READY FOR PROD to QA TEST,2025-06-19T20:14:14.220Z,2025-06-19T20:14:14.220Z
47,2,1,Changed task status from TODO to READY FOR PROD,2025-06-19T20:26:41.337Z,2025-06-19T20:26:41.337Z
48,1,1,Changed task status from QA TEST to TODO,2025-06-19T20:26:42.558Z,2025-06-19T20:26:42.558Z
49,3,1,Changed task status from IN PROGRESS to QA TEST,2025-06-19T20:26:43.621Z,2025-06-19T20:26:43.621Z
50,1,1,Changed task status from TODO to IN PROGRESS,2025-06-20T11:00:49.998Z,2025-06-20T11:00:49.998Z
51,3,1,Changed task status from QA TEST to TODO,2025-06-20T11:00:50.859Z,2025-06-20T11:00:50.859Z
52,1,1,Changed task status from IN PROGRESS to TODO,2025-06-20T17:26:22.045Z,2025-06-20T17:26:22.045Z
53,1,1,Changed task status from TODO to IN PROGRESS,2025-06-20T17:26:25.248Z,2025-06-20T17:26:25.248Z
54,2,1,Changed task status from READY FOR PROD to TODO,2025-06-20T17:26:30.889Z,2025-06-20T17:26:30.889Z
55,1,1,Changed task status from IN PROGRESS to TODO,2025-06-20T17:26:32.352Z,2025-06-20T17:26:32.352Z
56,1,1,Changed task status from TODO to DONE,2025-06-20T17:26:33.951Z,2025-06-20T17:26:33.951Z
57,1,1,Changed task status from DONE to QA TEST,2025-06-20T17:26:35.291Z,2025-06-20T17:26:35.291Z
58,1,1,Changed task status from QA TEST to TODO,2025-06-20T17:26:37.129Z,2025-06-20T17:26:37.129Z
59,1,1,Changed task status from TODO to TODO,2025-06-20T17:26:42.019Z,2025-06-20T17:26:42.019Z
60,2,1,Changed task status from TODO to DONE,2025-06-20T17:32:26.744Z,2025-06-20T17:32:26.744Z
61,2,1,Changed task status from DONE to QA TEST,2025-06-20T17:32:35.838Z,2025-06-20T17:32:35.838Z
62,1,1,Changed task status from TODO to IN PROGRESS,2025-06-20T17:41:13.061Z,2025-06-20T17:41:13.061Z
63,24,1,Created task,2025-06-20T18:35:14.330Z,2025-06-20T18:35:14.330Z
64,3,1,Changed task status from TODO to IN PROGRESS,2025-06-20T18:43:19.109Z,2025-06-20T18:43:19.109Z
65,3,1,Changed task status from IN PROGRESS to IN PROGRESS,2025-06-20T18:43:20.182Z,2025-06-20T18:43:20.182Z
66,3,1,Changed task status from IN PROGRESS to QA TEST,2025-06-20T18:43:21.117Z,2025-06-20T18:43:21.117Z
67,2,1,Changed task status from QA TEST to TODO,2025-06-20T18:43:22.655Z,2025-06-20T18:43:22.655Z
68,1,1,Changed task status from IN PROGRESS to TODO,2025-06-20T18:43:24.048Z,2025-06-20T18:43:24.048Z
69,2,1,Changed task status from TODO to QA TEST,2025-06-20T18:43:25.605Z,2025-06-20T18:43:25.605Z
70,2,1,Changed task status from QA TEST to READY FOR PROD,2025-06-20T18:43:53.399Z,2025-06-20T18:43:53.399Z
71,3,1,Changed task status from QA TEST to IN PROGRESS,2025-06-20T18:44:01.280Z,2025-06-20T18:44:01.280Z
72,1,1,Changed task status from TODO to QA TEST,2025-06-20T18:44:03.448Z,2025-06-20T18:44:03.448Z
73,2,1,Changed task status from READY FOR PROD to TODO,2025-06-20T18:44:05.423Z,2025-06-20T18:44:05.423Z
74,1,1,Changed task status from QA TEST to TODO,2025-06-20T18:44:07.951Z,2025-06-20T18:44:07.951Z
75,3,1,Changed task status from IN PROGRESS to TODO,2025-06-20T18:44:08.935Z,2025-06-20T18:44:08.935Z
76,2,1,Changed task status from TODO to IN PROGRESS,2025-06-20T18:44:26.803Z,2025-06-20T18:44:26.803Z
77,3,1,Changed task status from TODO to QA TEST,2025-06-20T18:44:28.912Z,2025-06-20T18:44:28.912Z
78,24,1,Changed task status from 2 to 1,2025-06-20T18:46:08.828Z,2025-06-20T18:46:08.828Z
79,24,1,Changed task status from Column Name to Tab order testing ,2025-06-20T18:48:07.203Z,2025-06-20T18:48:07.203Z
80,24,1,Changed task status from Tab order testing  to the column types make no sense ,2025-06-20T18:48:08.335Z,2025-06-20T18:48:08.335Z
81,2,1,Changed task status from IN PROGRESS to TODO,2025-06-20T20:02:35.017Z,2025-06-20T20:02:35.017Z
82,1,1,Changed task status from TODO to IN PROGRESS,2025-06-21T05:29:45.420Z,2025-06-21T05:29:45.420Z
83,1,1,Changed task status from IN PROGRESS to READY FOR PROD,2025-06-21T05:29:47.858Z,2025-06-21T05:29:47.858Z
84,3,1,Changed task status from QA TEST to IN PROGRESS,2025-06-21T05:29:49.153Z,2025-06-21T05:29:49.153Z
85,25,1,Created task,2025-06-21T05:31:43.015Z,2025-06-21T05:31:43.015Z
86,3,1,Changed task status from IN PROGRESS to TODO,2025-06-21T07:27:21.630Z,2025-06-21T07:27:21.630Z
87,2,1,Changed task status from TODO to IN PROGRESS,2025-06-21T07:27:22.861Z,2025-06-21T07:27:22.861Z
88,3,1,Updated task name,2025-06-21T07:27:36.942Z,2025-06-21T07:27:36.942Z
89,26,1,Created task,2025-06-21T07:28:33.487Z,2025-06-21T07:28:33.487Z
90,2,1,Changed task status from IN PROGRESS to TODO,2025-06-21T07:28:43.247Z,2025-06-21T07:28:43.247Z
91,3,1,Changed task status from TODO to IN PROGRESS,2025-06-21T07:28:43.991Z,2025-06-21T07:28:43.991Z
92,3,1,Changed task status from IN PROGRESS to TODO,2025-06-21T07:28:45.925Z,2025-06-21T07:28:45.925Z
93,3,1,Updated task name,2025-06-21T07:29:10.517Z,2025-06-21T07:29:10.517Z
94,3,1,Changed task status from TODO to IN PROGRESS,2025-06-21T07:32:42.526Z,2025-06-21T07:32:42.526Z
95,28,1,Created task,2025-06-21T08:40:45.062Z,2025-06-21T08:40:45.062Z
96,28,1,Changed task status from Column Name to Tab order testing ,2025-06-21T08:40:47.541Z,2025-06-21T08:40:47.541Z
97,28,1,Changed task status from Tab order testing  to the column types make no sense ,2025-06-21T08:40:48.645Z,2025-06-21T08:40:48.645Z
98,24,1,Changed task status from the column types make no sense  to Column Name,2025-06-21T08:40:54.217Z,2025-06-21T08:40:54.217Z
99,28,1,Changed task status from the column types make no sense  to Tab order testing ,2025-06-21T08:40:55.505Z,2025-06-21T08:40:55.505Z
100,28,1,Changed task status from Tab order testing  to the column types make no sense ,2025-06-21T10:16:15.293Z,2025-06-21T10:16:15.293Z
101,30,5,Created task,2025-06-21T13:49:38.285Z,2025-06-21T13:49:38.285Z
102,31,5,Created task,2025-06-21T13:53:11.704Z,2025-06-21T13:53:11.704Z
103,32,5,Created task,2025-06-21T13:53:35.350Z,2025-06-21T13:53:35.350Z
104,33,5,Created task,2025-06-21T13:56:46.595Z,2025-06-21T13:56:46.595Z
105,33,5,Updated task status,2025-06-21T13:57:03.290Z,2025-06-21T13:57:03.290Z
106,33,5,Changed task status from col 1 to col 3,2025-06-21T13:58:06.006Z,2025-06-21T13:58:06.006Z
107,33,5,Changed task status from col 3 to col 2,2025-06-21T13:58:07.026Z,2025-06-21T13:58:07.026Z
108,33,5,Changed task status from col 2 to col 3,2025-06-21T14:04:23.253Z,2025-06-21T14:04:23.253Z
109,33,5,Changed task status from col 3 to col 1,2025-06-21T14:04:24.758Z,2025-06-21T14:04:24.758Z
110,26,1,Changed task status from READY FOR PROD to QA TEST,2025-06-21T14:18:37.289Z,2025-06-21T14:18:37.289Z
111,1,1,Changed task status from READY FOR PROD to IN PROGRESS,2025-06-21T14:18:38.709Z,2025-06-21T14:18:38.709Z
112,2,1,Changed task status from TODO to READY FOR PROD,2025-06-21T14:18:40.301Z,2025-06-21T14:18:40.301Z
113,1,1,Changed task status from IN PROGRESS to TODO,2025-06-21T14:18:42.076Z,2025-06-21T14:18:42.076Z
114,24,1,Changed task status from Column Name to Tab order testing ,2025-06-21T14:19:25.542Z,2025-06-21T14:19:25.542Z
115,28,1,Changed task status from the column types make no sense  to Column Name,2025-06-21T14:19:26.831Z,2025-06-21T14:19:26.831Z
116,24,1,Changed task status from Tab order testing  to the column types make no sense ,2025-06-21T14:19:28.220Z,2025-06-21T14:19:28.220Z
117,3,1,Changed task status from IN PROGRESS to READY FOR PROD,2025-06-21T15:31:37.524Z,2025-06-21T15:31:37.524Z
118,2,1,Changed task status from READY FOR PROD to QA TEST,2025-06-21T15:31:39.161Z,2025-06-21T15:31:39.161Z
119,26,1,Changed task status from QA TEST to IN PROGRESS,2025-06-21T15:31:41.610Z,2025-06-21T15:31:41.610Z
120,1,1,Changed task status from TODO to IN PROGRESS,2025-06-21T15:31:42.754Z,2025-06-21T15:31:42.754Z
121,4,1,Updated task status,2025-06-21T15:32:24.976Z,2025-06-21T15:32:24.976Z
122,10,1,Updated task ,2025-06-21T15:32:30.700Z,2025-06-21T15:32:30.700Z
123,10,1,Updated task status,2025-06-21T15:32:36.460Z,2025-06-21T15:32:36.460Z
124,1,1,Changed task status from IN PROGRESS to QA TEST,2025-06-21T15:35:13.689Z,2025-06-21T15:35:13.689Z
125,4,1,Updated task assignee,2025-06-21T15:35:22.589Z,2025-06-21T15:35:22.589Z
126,3,1,Updated task assignee,2025-06-21T15:35:31.666Z,2025-06-21T15:35:31.666Z
127,3,1,Changed task status from READY FOR PROD to TODO,2025-06-21T15:35:34.808Z,2025-06-21T15:35:34.808Z
128,1,1,Changed task status from QA TEST to READY FOR PROD,2025-06-21T15:36:21.290Z,2025-06-21T15:36:21.290Z
129,3,1,Changed task status from TODO to QA TEST,2025-06-21T15:56:51.778Z,2025-06-21T15:56:51.778Z
130,10,1,Changed task status from IN PROGRESS to TODO,2025-06-21T15:56:53.121Z,2025-06-21T15:56:53.121Z
131,35,1,Created task,2025-06-21T16:15:16.564Z,2025-06-21T16:15:16.564Z
132,36,1,Created task,2025-06-21T16:15:30.798Z,2025-06-21T16:15:30.798Z
133,35,1,Updated task status,2025-06-21T16:16:06.361Z,2025-06-21T16:16:06.361Z
134,36,1,Updated task status,2025-06-21T16:16:14.278Z,2025-06-21T16:16:14.278Z
135,36,1,Changed task status from col 1 to col 2,2025-06-21T16:16:23.664Z,2025-06-21T16:16:23.664Z
136,35,1,Changed task status from col 1 to col 3 ,2025-06-21T16:16:24.946Z,2025-06-21T16:16:24.946Z
137,36,1,Changed task status from col 2 to col 4,2025-06-21T16:16:26.229Z,2025-06-21T16:16:26.229Z
138,35,1,Changed task status from col 3  to col 4,2025-06-21T16:16:27.404Z,2025-06-21T16:16:27.404Z
139,36,1,Changed task status from col 4 to col 1,2025-06-21T16:16:28.510Z,2025-06-21T16:16:28.510Z
140,35,1,Changed task status from col 4 to col 1,2025-06-21T16:16:30.905Z,2025-06-21T16:16:30.905Z
141,4,1,Changed task status from TODO to QA TEST,2025-06-21T16:17:07.985Z,2025-06-21T16:17:07.985Z
142,1,1,Changed task status from READY FOR PROD to IN PROGRESS,2025-06-21T16:17:09.092Z,2025-06-21T16:17:09.092Z
143,11,1,Updated task status,2025-06-21T16:17:19.258Z,2025-06-21T16:17:19.258Z
144,17,1,Updated task ,2025-06-21T16:17:29.733Z,2025-06-21T16:17:29.733Z
145,17,1,Updated task ,2025-06-21T16:17:32.160Z,2025-06-21T16:17:32.160Z
146,17,1,Updated task status,2025-06-21T16:17:36.355Z,2025-06-21T16:17:36.355Z
147,17,1,Changed task status from TODO to IN PROGRESS,2025-06-21T16:17:45.002Z,2025-06-21T16:17:45.002Z
148,4,1,Changed task status from QA TEST to TODO,2025-06-21T16:17:46.202Z,2025-06-21T16:17:46.202Z
149,3,1,Changed task status from QA TEST to READY FOR PROD,2025-06-21T16:17:50.106Z,2025-06-21T16:17:50.106Z
150,10,1,Changed task status from TODO to QA TEST,2025-06-21T16:46:45.952Z,2025-06-21T16:46:45.952Z
151,3,1,Changed task status from READY FOR PROD to IN PROGRESS,2025-06-21T16:46:55.905Z,2025-06-21T16:46:55.905Z
152,28,1,Changed task status from Column Name to Tab order testing ,2025-06-21T17:31:18.339Z,2025-06-21T17:31:18.339Z
153,24,1,Changed task status from the column types make no sense  to Column Name,2025-06-21T17:31:19.732Z,2025-06-21T17:31:19.732Z
154,28,1,Changed task status from Tab order testing  to the column types make no sense ,2025-06-21T17:31:20.817Z,2025-06-21T17:31:20.817Z
155,4,1,Changed task status from TODO to QA TEST,2025-06-21T17:31:31.441Z,2025-06-21T17:31:31.441Z
156,3,1,Changed task status from IN PROGRESS to TODO,2025-06-21T17:31:32.714Z,2025-06-21T17:31:32.714Z
157,28,1,Changed task status from the column types make no sense  to Tab order testing ,2025-06-21T18:25:37.860Z,2025-06-21T18:25:37.860Z
158,24,1,Changed task status from Column Name to the column types make no sense ,2025-06-21T18:25:39.597Z,2025-06-21T18:25:39.597Z
159,26,1,Changed task status from IN PROGRESS to READY FOR PROD,2025-06-21T20:04:51.457Z,2025-06-21T20:04:51.457Z
160,10,1,Changed task status from QA TEST to READY FOR PROD,2025-06-21T20:04:52.934Z,2025-06-21T20:04:52.934Z
161,11,1,Changed task status from TODO to IN PROGRESS,2025-06-22T04:41:28.184Z,2025-06-22T04:41:28.184Z
162,4,1,Changed task status from QA TEST to IN PROGRESS,2025-06-22T04:41:29.352Z,2025-06-22T04:41:29.352Z
163,10,1,Changed task status from READY FOR PROD to IN PROGRESS,2025-06-22T04:41:30.765Z,2025-06-22T04:41:30.765Z
164,3,1,Changed task status from TODO to QA TEST,2025-06-22T04:41:32.379Z,2025-06-22T04:41:32.379Z
165,26,1,Changed task status from READY FOR PROD to TODO,2025-06-22T04:41:33.516Z,2025-06-22T04:41:33.516Z
166,17,1,Changed task status from IN PROGRESS to TODO,2025-06-22T05:20:11.008Z,2025-06-22T05:20:11.008Z
167,4,1,Changed task status from IN PROGRESS to QA TEST,2025-06-22T05:20:12.024Z,2025-06-22T05:20:12.024Z
168,3,1,Changed task status from QA TEST to READY FOR PROD,2025-06-22T05:20:12.884Z,2025-06-22T05:20:12.884Z
169,2,1,Changed task status from QA TEST to DONE,2025-06-22T05:20:14.213Z,2025-06-22T05:20:14.213Z
170,11,1,Changed task status from IN PROGRESS to READY FOR PROD,2025-06-22T05:20:19.027Z,2025-06-22T05:20:19.027Z
171,17,1,Moved task to a new column,2025-06-22T17:57:42.137Z,2025-06-22T17:57:42.137Z
172,4,1,Moved task to a new column,2025-06-22T17:57:43.464Z,2025-06-22T17:57:43.464Z
173,1,1,Moved task to a new column,2025-06-22T17:57:45.661Z,2025-06-22T17:57:45.661Z
174,1,1,Moved task to a new column,2025-06-22T18:05:18.953Z,2025-06-22T18:05:18.953Z
175,26,1,Moved task to a new column,2025-06-22T18:05:27.655Z,2025-06-22T18:05:27.655Z
176,1,1,Moved task to a new column,2025-06-22T18:10:40.700Z,2025-06-22T18:10:40.700Z
177,4,1,Moved task to a new column,2025-06-22T18:10:42.227Z,2025-06-22T18:10:42.227Z
178,11,1,Moved task to a new column,2025-06-22T18:48:02.212Z,2025-06-22T18:48:02.212Z
179,26,1,Moved task to a new column,2025-06-22T18:48:06.047Z,2025-06-22T18:48:06.047Z
180,11,1,Moved task to a new column,2025-06-22T18:48:08.934Z,2025-06-22T18:48:08.934Z
181,1,1,Moved task to a new column,2025-06-22T18:48:10.214Z,2025-06-22T18:48:10.214Z
182,3,1,Moved task to a new column,2025-06-22T18:48:14.308Z,2025-06-22T18:48:14.308Z
183,4,1,Moved task to a new column,2025-06-22T18:53:22.218Z,2025-06-22T18:53:22.218Z
184,17,1,Moved task to a new column,2025-06-22T18:53:24.537Z,2025-06-22T18:53:24.537Z
185,1,1,Moved task to a new column,2025-06-22T18:56:01.904Z,2025-06-22T18:56:01.904Z
186,17,1,Moved task to a new column,2025-06-22T18:56:03.371Z,2025-06-22T18:56:03.371Z
187,17,1,Moved task to a new column,2025-06-22T19:01:37.035Z,2025-06-22T19:01:37.035Z
188,1,1,Moved task to a new column,2025-06-22T19:01:37.801Z,2025-06-22T19:01:37.801Z
189,10,1,Moved task to a new column,2025-06-22T19:01:38.920Z,2025-06-22T19:01:38.920Z
190,17,1,Moved task to a new column,2025-06-22T19:30:19.037Z,2025-06-22T19:30:19.037Z
191,26,1,Moved task to a new column,2025-06-22T19:30:20.171Z,2025-06-22T19:30:20.171Z
192,10,1,Moved task to a new column,2025-06-22T19:30:21.194Z,2025-06-22T19:30:21.194Z
193,17,1,Moved task to a new column,2025-06-22T19:30:22.870Z,2025-06-22T19:30:22.870Z
194,1,1,Moved task to a new column,2025-06-22T19:30:24.659Z,2025-06-22T19:30:24.659Z
195,11,1,Moved task to a new column,2025-06-22T19:58:51.347Z,2025-06-22T19:58:51.347Z
196,3,1,Moved task to a new column,2025-06-22T19:58:52.576Z,2025-06-22T19:58:52.576Z
197,10,1,Moved task to a new column,2025-06-22T19:58:57.543Z,2025-06-22T19:58:57.543Z
198,26,1,Moved task to a new column,2025-06-22T19:58:58.720Z,2025-06-22T19:58:58.720Z
199,4,1,Moved task to a new column,2025-06-22T19:59:13.874Z,2025-06-22T19:59:13.874Z
200,4,1,Moved task to a new column,2025-06-22T19:59:17.879Z,2025-06-22T19:59:17.879Z
201,4,1,Moved task to a new column,2025-06-22T19:59:19.231Z,2025-06-22T19:59:19.231Z
202,26,1,Moved task to a new column,2025-06-22T19:59:22.126Z,2025-06-22T19:59:22.126Z
203,10,1,Moved task to a new column,2025-06-22T19:59:23.493Z,2025-06-22T19:59:23.493Z
204,2,1,Moved task to a new column,2025-06-23T16:53:53.224Z,2025-06-23T16:53:53.224Z
205,20,1,Updated task status,2025-06-23T19:47:28.772Z,2025-06-23T19:47:28.772Z
206,18,1,Updated task status,2025-06-23T19:47:38.318Z,2025-06-23T19:47:38.318Z
207,13,1,Updated task status,2025-06-23T19:47:49.196Z,2025-06-23T19:47:49.196Z
208,20,1,Moved task to a new column,2025-06-23T19:50:31.020Z,2025-06-23T19:50:31.020Z
209,26,1,Moved task to a new column,2025-06-23T19:50:32.471Z,2025-06-23T19:50:32.471Z
210,2,1,Moved task to a new column,2025-06-23T19:50:34.828Z,2025-06-23T19:50:34.828Z
211,18,1,Moved task to a new column,2025-06-23T19:50:36.075Z,2025-06-23T19:50:36.075Z
212,10,1,Moved task to a new column,2025-06-23T19:50:39.336Z,2025-06-23T19:50:39.336Z
213,4,1,Moved task to a new column,2025-06-23T19:50:40.543Z,2025-06-23T19:50:40.543Z
214,3,1,Moved task to a new column,2025-06-23T19:50:42.594Z,2025-06-23T19:50:42.594Z
215,26,1,Moved task to a new column,2025-06-23T19:50:43.913Z,2025-06-23T19:50:43.913Z
216,3,1,Moved task to a new column,2025-06-23T19:50:46.531Z,2025-06-23T19:50:46.531Z
217,10,1,Moved task to a new column,2025-06-23T19:50:49.601Z,2025-06-23T19:50:49.601Z
218,26,1,Moved task to a new column,2025-06-23T19:50:50.822Z,2025-06-23T19:50:50.822Z
219,13,1,Moved task to a new column,2025-06-23T19:50:52.825Z,2025-06-23T19:50:52.825Z
220,3,1,Moved task to a new column,2025-06-23T19:51:22.574Z,2025-06-23T19:51:22.574Z
221,18,1,Moved task to a new column,2025-06-23T19:51:24.587Z,2025-06-23T19:51:24.587Z
222,18,1,Moved task to a new column,2025-06-23T19:51:37.504Z,2025-06-23T19:51:37.504Z
223,26,1,Moved task to a new column,2025-06-23T19:51:45.878Z,2025-06-23T19:51:45.878Z
224,20,1,Moved task to a new column,2025-06-23T20:07:43.562Z,2025-06-23T20:07:43.562Z
225,11,1,Moved task to a new column,2025-06-23T20:07:50.316Z,2025-06-23T20:07:50.316Z
226,18,1,Moved task to a new column,2025-06-23T20:07:51.951Z,2025-06-23T20:07:51.951Z
227,10,1,Moved task to a new column,2025-06-23T20:07:53.920Z,2025-06-23T20:07:53.920Z
228,18,1,Moved task to a new column,2025-06-23T20:07:55.537Z,2025-06-23T20:07:55.537Z
229,11,1,Moved task to a new column,2025-06-23T20:07:57.412Z,2025-06-23T20:07:57.412Z
230,4,1,Moved task to a new column,2025-06-23T20:08:12.303Z,2025-06-23T20:08:12.303Z
231,4,1,Moved task to a new column,2025-06-23T20:08:33.945Z,2025-06-23T20:08:33.945Z
232,1,1,Moved task to a new column,2025-06-23T20:08:36.198Z,2025-06-23T20:08:36.198Z
233,3,1,Moved task to a new column,2025-06-23T20:08:38.719Z,2025-06-23T20:08:38.719Z
234,13,1,Moved task to a new column,2025-06-23T20:09:47.528Z,2025-06-23T20:09:47.528Z
235,17,1,Moved task to a new column,2025-06-23T20:09:51.531Z,2025-06-23T20:09:51.531Z
236,26,1,Moved task to a new column,2025-06-23T20:09:53.924Z,2025-06-23T20:09:53.924Z
237,11,1,Moved task to a new column,2025-06-23T20:09:56.342Z,2025-06-23T20:09:56.342Z
238,18,1,Moved task to a new column,2025-06-23T20:09:58.463Z,2025-06-23T20:09:58.463Z
239,20,1,Moved task to a new column,2025-06-23T20:10:35.109Z,2025-06-23T20:10:35.109Z
240,26,1,Moved task to a new column,2025-06-23T20:10:39.697Z,2025-06-23T20:10:39.697Z
241,1,1,Moved task to a new column,2025-06-23T20:10:55.813Z,2025-06-23T20:10:55.813Z
242,3,1,Moved task to a new column,2025-06-23T20:12:02.488Z,2025-06-23T20:12:02.488Z
243,10,1,Moved task to a new column,2025-06-23T20:12:09.396Z,2025-06-23T20:12:09.396Z
244,1,1,Moved task to a new column,2025-06-23T20:12:13.951Z,2025-06-23T20:12:13.951Z
245,17,1,Moved task to a new column,2025-06-23T20:12:20.676Z,2025-06-23T20:12:20.676Z
246,18,1,Moved task to a new column,2025-06-23T20:12:25.447Z,2025-06-23T20:12:25.447Z
247,11,1,Moved task to a new column,2025-06-23T20:12:28.175Z,2025-06-23T20:12:28.175Z
248,4,1,Moved task to a new column,2025-06-23T20:12:47.982Z,2025-06-23T20:12:47.982Z
249,11,1,Moved task to a new column,2025-06-23T20:12:50.984Z,2025-06-23T20:12:50.984Z
250,1,1,Moved task to a new column,2025-06-23T20:12:54.079Z,2025-06-23T20:12:54.079Z
251,10,1,Moved task to a new column,2025-06-23T20:12:56.590Z,2025-06-23T20:12:56.590Z
252,17,1,Moved task to a new column,2025-06-23T20:12:59.297Z,2025-06-23T20:12:59.297Z
253,3,1,Moved task to a new column,2025-06-23T20:13:01.752Z,2025-06-23T20:13:01.752Z
254,18,1,Moved task to a new column,2025-06-23T20:13:05.529Z,2025-06-23T20:13:05.529Z
255,10,1,Moved task to a new column,2025-06-23T20:15:48.229Z,2025-06-23T20:15:48.229Z
256,4,1,Moved task to a new column,2025-06-23T20:15:52.071Z,2025-06-23T20:15:52.071Z
257,1,1,Moved task to a new column,2025-06-23T20:15:56.927Z,2025-06-23T20:15:56.927Z
258,17,1,Moved task to a new column,2025-06-23T20:15:59.539Z,2025-06-23T20:15:59.539Z
259,3,1,Moved task to a new column,2025-06-23T20:16:02.500Z,2025-06-23T20:16:02.500Z
260,11,1,Moved task to a new column,2025-06-23T20:16:05.273Z,2025-06-23T20:16:05.273Z
261,18,1,Moved task to a new column,2025-06-23T20:16:08.185Z,2025-06-23T20:16:08.185Z
262,20,1,Moved task to a new column,2025-06-23T20:16:23.882Z,2025-06-23T20:16:23.882Z
263,13,1,Moved task to a new column,2025-06-23T20:16:25.402Z,2025-06-23T20:16:25.402Z
264,2,1,Moved task to a new column,2025-06-23T20:16:27.112Z,2025-06-23T20:16:27.112Z
265,4,1,Moved task to a new column,2025-06-23T20:28:31.368Z,2025-06-23T20:28:31.368Z
266,10,1,Moved task to a new column,2025-06-23T20:28:32.393Z,2025-06-23T20:28:32.393Z
267,17,1,Moved task to a new column,2025-06-23T20:28:33.441Z,2025-06-23T20:28:33.441Z
268,11,1,Moved task to a new column,2025-06-23T20:28:34.711Z,2025-06-23T20:28:34.711Z
269,20,1,Moved task to a new column,2025-06-23T20:28:37.829Z,2025-06-23T20:28:37.829Z
270,11,1,Moved task to a new column,2025-06-23T20:28:39.349Z,2025-06-23T20:28:39.349Z
271,1,1,Moved task to a new column,2025-06-23T20:28:40.736Z,2025-06-23T20:28:40.736Z
272,26,1,Moved task to a new column,2025-06-23T20:46:45.345Z,2025-06-23T20:46:45.345Z
273,2,1,Moved task to a new column,2025-06-23T20:46:50.201Z,2025-06-23T20:46:50.201Z
274,10,1,Moved task to a new column,2025-06-23T21:05:04.041Z,2025-06-23T21:05:04.041Z
275,1,1,Moved task to a new column,2025-06-23T21:05:05.491Z,2025-06-23T21:05:05.491Z
276,4,1,Moved task to a new column,2025-06-23T21:05:06.861Z,2025-06-23T21:05:06.861Z
277,11,1,Moved task to a new column,2025-06-23T21:05:08.027Z,2025-06-23T21:05:08.027Z
278,25,1,Updated task status,2025-06-24T11:41:46.326Z,2025-06-24T11:41:46.326Z
279,12,1,Updated task status,2025-06-24T11:41:58.280Z,2025-06-24T11:41:58.280Z
280,15,1,Updated task status,2025-06-24T11:42:05.372Z,2025-06-24T11:42:05.372Z
281,21,1,Updated task status,2025-06-24T11:42:13.536Z,2025-06-24T11:42:13.536Z
282,21,1,Updated task status,2025-06-24T11:42:18.519Z,2025-06-24T11:42:18.519Z
283,21,1,Updated task status,2025-06-24T11:42:22.322Z,2025-06-24T11:42:22.322Z
284,21,1,Updated task status,2025-06-24T11:42:26.002Z,2025-06-24T11:42:26.002Z
285,21,1,Updated task status,2025-06-24T11:42:29.470Z,2025-06-24T11:42:29.470Z
286,21,1,Updated task status,2025-06-24T11:42:32.718Z,2025-06-24T11:42:32.718Z
287,5,1,Updated task status,2025-06-24T14:57:04.727Z,2025-06-24T14:57:04.727Z
288,5,1,Updated task status,2025-06-24T14:57:04.750Z,2025-06-24T14:57:04.750Z
289,16,1,Updated task status,2025-06-24T14:57:40.083Z,2025-06-24T14:57:40.083Z
290,37,1,Created task,2025-06-24T19:27:35.336Z,2025-06-24T19:27:35.336Z
291,38,1,Created task,2025-06-25T16:43:18.240Z,2025-06-25T16:43:18.240Z
292,39,1,Created task,2025-07-04T15:23:54.300Z,2025-07-04T15:23:54.300Z
293,40,1,Created task,2025-07-04T19:25:34.514Z,2025-07-04T19:25:34.514Z
294,41,1,Created task,2025-07-08T16:36:24.696Z,2025-07-08T16:36:24.696Z
295,25,1,"Updated task name, description, status",2025-07-09T13:01:00.389Z,2025-07-09T13:01:00.389Z
296,25,1,"Updated task name, description, status",2025-07-09T13:02:47.170Z,2025-07-09T13:02:47.170Z
297,25,1,"Updated task name, description, assignee, status",2025-07-09T13:02:53.981Z,2025-07-09T13:02:53.981Z
298,25,1,"Updated task name, description, assignee, status",2025-07-09T13:05:20.724Z,2025-07-09T13:05:20.724Z
299,3,1,"Updated task name, description, assignee, status",2025-07-09T13:12:51.963Z,2025-07-09T13:12:51.963Z
300,3,1,"Updated task name, description, assignee, status",2025-07-09T13:13:02.433Z,2025-07-09T13:13:02.433Z
301,12,1,"Updated task name, description, assignee, status",2025-07-09T13:17:54.952Z,2025-07-09T13:17:54.952Z
302,11,1,"Updated task name, description, assignee, status",2025-07-09T13:22:37.398Z,2025-07-09T13:22:37.398Z
303,11,1,"Updated task name, description, assignee, status",2025-07-09T13:22:44.241Z,2025-07-09T13:22:44.241Z
304,1,1,"Updated task name, description, assignee, status",2025-07-09T13:46:05.518Z,2025-07-09T13:46:05.518Z
305,1,1,"Updated task name, description, assignee, status",2025-07-09T13:46:09.531Z,2025-07-09T13:46:09.531Z
306,14,1,"Updated task name, description, assignee, status",2025-07-09T13:46:35.215Z,2025-07-09T13:46:35.215Z
307,14,1,"Updated task name, description, assignee, status",2025-07-09T13:46:41.421Z,2025-07-09T13:46:41.421Z
308,41,1,"Updated task name, description, assignee, status",2025-07-09T13:46:55.626Z,2025-07-09T13:46:55.626Z
309,12,1,"Updated task name, description, assignee, status",2025-07-10T08:01:09.651Z,2025-07-10T08:01:09.651Z
310,12,1,"Updated task name, description, assignee, status",2025-07-10T08:01:28.230Z,2025-07-10T08:01:28.230Z
311,13,1,"Updated task name, description, assignee, status",2025-07-10T08:09:04.689Z,2025-07-10T08:09:04.689Z
312,12,1,"Updated task name, description, assignee, status",2025-07-10T08:15:32.080Z,2025-07-10T08:15:32.080Z
313,12,1,"Updated task name, description, assignee, status",2025-07-10T08:23:05.427Z,2025-07-10T08:23:05.427Z
314,18,1,"Updated task name, description, assignee, status",2025-07-10T08:23:16.600Z,2025-07-10T08:23:16.600Z
315,1,1,"Updated task name, description, assignee, status",2025-07-10T08:29:29.430Z,2025-07-10T08:29:29.430Z
316,11,1,"Updated task name, description, assignee, status",2025-07-10T08:29:36.816Z,2025-07-10T08:29:36.816Z
317,18,1,"Updated task name, description, assignee, status",2025-07-10T08:29:43.331Z,2025-07-10T08:29:43.331Z
318,5,1,"Updated task name, description, assignee, status",2025-07-10T08:29:50.475Z,2025-07-10T08:29:50.475Z
319,1,1,"Updated task name, description, assignee, status",2025-07-10T08:30:31.901Z,2025-07-10T08:30:31.901Z
320,11,1,"Updated task name, description, assignee, status",2025-07-10T08:30:41.354Z,2025-07-10T08:30:41.354Z
321,21,1,"Updated task name, description, assignee, status",2025-07-10T08:30:48.042Z,2025-07-10T08:30:48.042Z
322,11,1,"Updated task name, description, assignee, status",2025-07-10T08:33:03.542Z,2025-07-10T08:33:03.542Z
323,5,1,"Updated task name, description, assignee, status",2025-07-10T08:33:08.163Z,2025-07-10T08:33:08.163Z
324,5,1,"Updated task name, description, assignee, status",2025-07-10T08:33:16.517Z,2025-07-10T08:33:16.517Z
325,21,1,"Updated task name, description, assignee, status",2025-07-10T08:33:20.955Z,2025-07-10T08:33:20.955Z
326,2,1,"Updated task name, description, assignee, status",2025-07-10T08:33:45.928Z,2025-07-10T08:33:45.928Z
327,4,1,"Updated task name, description, assignee, status",2025-07-10T08:33:52.128Z,2025-07-10T08:33:52.128Z
328,11,1,"Updated task name, description, assignee, status",2025-07-10T08:39:08.316Z,2025-07-10T08:39:08.316Z
329,21,1,"Updated task name, description, assignee, status",2025-07-10T08:40:12.485Z,2025-07-10T08:40:12.485Z
330,15,1,"Updated task name, description, assignee, status",2025-07-10T08:40:21.351Z,2025-07-10T08:40:21.351Z
331,18,1,"Updated task name, description, assignee, status",2025-07-10T08:44:31.768Z,2025-07-10T08:44:31.768Z
332,18,1,"Updated task name, description, assignee, status",2025-07-10T08:45:57.938Z,2025-07-10T08:45:57.938Z
333,18,1,"Updated task name, description, assignee, status",2025-07-10T08:46:13.424Z,2025-07-10T08:46:13.424Z
334,5,1,"Updated task name, description, assignee, status",2025-07-10T08:47:00.623Z,2025-07-10T08:47:00.623Z
335,5,1,"Updated task name, description, assignee, status",2025-07-10T08:47:11.508Z,2025-07-10T08:47:11.508Z
336,2,1,"Updated task name, description, assignee, status",2025-07-10T08:47:19.092Z,2025-07-10T08:47:19.092Z
337,5,1,"Updated task name, description, assignee, status",2025-07-10T08:48:09.461Z,2025-07-10T08:48:09.461Z
338,1,1,"Updated task name, description, assignee, status",2025-07-10T09:31:03.935Z,2025-07-10T09:31:03.935Z
339,5,1,"Updated task name, description, assignee, status",2025-07-10T09:31:16.211Z,2025-07-10T09:31:16.211Z
340,5,1,"Updated task name, description, assignee, status",2025-07-10T09:34:31.341Z,2025-07-10T09:34:31.341Z
341,1,1,"Updated task name, description, assignee, status",2025-07-10T09:34:45.796Z,2025-07-10T09:34:45.796Z
342,18,1,"Updated task name, description, assignee, status",2025-07-10T09:51:10.924Z,2025-07-10T09:51:10.924Z
343,41,1,"Updated task name, description, assignee, status",2025-07-10T09:51:19.877Z,2025-07-10T09:51:19.877Z
344,17,1,"Updated task name, description, assignee, status",2025-07-10T10:09:32.543Z,2025-07-10T10:09:32.543Z
345,13,1,"Updated task name, description, assignee, status",2025-07-10T10:09:39.580Z,2025-07-10T10:09:39.580Z
346,3,1,"Updated task name, description, assignee, status",2025-07-10T10:15:46.849Z,2025-07-10T10:15:46.849Z
347,13,1,"Updated task name, description, assignee, status",2025-07-10T10:15:53.914Z,2025-07-10T10:15:53.914Z
348,13,1,"Updated task name, description, assignee, status",2025-07-10T10:16:32.219Z,2025-07-10T10:16:32.219Z
349,41,1,"Updated task name, description, assignee, status",2025-07-10T10:20:03.202Z,2025-07-10T10:20:03.202Z
350,15,1,"Updated task name, description, assignee, status",2025-07-10T10:20:13.792Z,2025-07-10T10:20:13.792Z
351,41,1,"Updated task name, description, assignee, status",2025-07-10T10:33:38.480Z,2025-07-10T10:33:38.480Z
352,14,1,"Updated task name, description, assignee, status",2025-07-10T10:33:45.925Z,2025-07-10T10:33:45.925Z
353,15,1,"Updated task name, description, assignee, status",2025-07-10T10:40:11.304Z,2025-07-10T10:40:11.304Z
354,41,1,"Updated task name, description, assignee, status",2025-07-10T10:40:22.317Z,2025-07-10T10:40:22.317Z
355,14,1,"Updated task name, description, assignee, status",2025-07-10T10:48:11.144Z,2025-07-10T10:48:11.144Z
356,5,1,"Updated task name, description, assignee, status",2025-07-10T11:19:35.017Z,2025-07-10T11:19:35.017Z
357,5,1,"Updated task name, description, assignee, status",2025-07-10T11:19:43.314Z,2025-07-10T11:19:43.314Z
358,2,1,"Updated task name, description, assignee, status",2025-07-10T11:33:11.077Z,2025-07-10T11:33:11.077Z
359,13,1,"Updated task name, description, status",2025-07-10T12:47:55.045Z,2025-07-10T12:47:55.045Z
360,13,1,"Updated task name, description, assignee, status",2025-07-10T12:48:06.713Z,2025-07-10T12:48:06.713Z
361,15,1,"Updated task name, description, assignee, status",2025-07-10T12:48:25.640Z,2025-07-10T12:48:25.640Z
362,1,1,Updated task status,2025-07-10T12:51:22.256Z,2025-07-10T12:51:22.256Z
363,41,1,Updated task status,2025-07-10T12:51:22.269Z,2025-07-10T12:51:22.269Z
364,18,1,Updated task status,2025-07-10T12:51:22.269Z,2025-07-10T12:51:22.269Z
365,14,1,Updated task status,2025-07-10T12:51:22.270Z,2025-07-10T12:51:22.270Z
366,25,1,Updated task status,2025-07-10T12:51:22.287Z,2025-07-10T12:51:22.287Z
367,11,1,Updated task status,2025-07-10T12:51:22.318Z,2025-07-10T12:51:22.318Z
368,13,1,Updated task status,2025-07-10T12:51:22.321Z,2025-07-10T12:51:22.321Z
369,15,1,Updated task status,2025-07-10T12:51:22.327Z,2025-07-10T12:51:22.327Z
370,3,1,Updated task status,2025-07-10T12:51:22.360Z,2025-07-10T12:51:22.360Z
371,16,1,Updated task status,2025-07-10T12:51:22.383Z,2025-07-10T12:51:22.383Z
372,10,1,Updated task status,2025-07-10T12:51:22.384Z,2025-07-10T12:51:22.384Z
373,20,1,Updated task status,2025-07-10T12:51:22.388Z,2025-07-10T12:51:22.388Z
374,21,1,Updated task status,2025-07-10T12:51:22.389Z,2025-07-10T12:51:22.389Z
375,12,1,Updated task status,2025-07-10T12:51:22.389Z,2025-07-10T12:51:22.389Z
376,17,1,Updated task status,2025-07-10T12:51:22.403Z,2025-07-10T12:51:22.403Z
377,2,1,Updated task status,2025-07-10T12:51:22.423Z,2025-07-10T12:51:22.423Z
378,26,1,Updated task status,2025-07-10T12:51:22.427Z,2025-07-10T12:51:22.427Z
379,5,1,Updated task status,2025-07-10T12:51:22.427Z,2025-07-10T12:51:22.427Z
380,4,1,Updated task status,2025-07-10T12:51:22.427Z,2025-07-10T12:51:22.427Z
381,18,1,Updated task status,2025-07-10T12:51:31.472Z,2025-07-10T12:51:31.472Z
382,14,1,Updated task status,2025-07-10T12:51:31.476Z,2025-07-10T12:51:31.476Z
383,41,1,Updated task status,2025-07-10T12:51:31.476Z,2025-07-10T12:51:31.476Z
384,1,1,Updated task status,2025-07-10T12:51:31.477Z,2025-07-10T12:51:31.477Z
385,15,1,Updated task status,2025-07-10T12:51:31.480Z,2025-07-10T12:51:31.480Z
386,25,1,Updated task status,2025-07-10T12:51:31.508Z,2025-07-10T12:51:31.508Z
387,4,1,Updated task status,2025-07-10T12:51:31.520Z,2025-07-10T12:51:31.520Z
388,11,1,Updated task status,2025-07-10T12:51:31.549Z,2025-07-10T12:51:31.549Z
389,20,1,Updated task status,2025-07-10T12:51:31.552Z,2025-07-10T12:51:31.552Z
390,12,1,Updated task status,2025-07-10T12:51:31.556Z,2025-07-10T12:51:31.556Z
391,10,1,Updated task status,2025-07-10T12:51:31.556Z,2025-07-10T12:51:31.556Z
392,26,1,Updated task status,2025-07-10T12:51:31.557Z,2025-07-10T12:51:31.557Z
393,13,1,Updated task status,2025-07-10T12:51:31.557Z,2025-07-10T12:51:31.557Z
394,5,1,Updated task status,2025-07-10T12:51:31.675Z,2025-07-10T12:51:31.675Z
395,2,1,Updated task status,2025-07-10T12:51:31.675Z,2025-07-10T12:51:31.675Z
396,21,1,Updated task status,2025-07-10T12:51:31.676Z,2025-07-10T12:51:31.676Z
397,16,1,Updated task status,2025-07-10T12:51:31.676Z,2025-07-10T12:51:31.676Z
398,17,1,Updated task status,2025-07-10T12:51:31.678Z,2025-07-10T12:51:31.678Z
399,3,1,Updated task status,2025-07-10T12:51:31.713Z,2025-07-10T12:51:31.713Z
400,4,1,"Updated task name, description, assignee, status",2025-07-10T12:51:40.818Z,2025-07-10T12:51:40.818Z
401,26,1,"Updated task name, description, assignee, status",2025-07-10T12:52:03.269Z,2025-07-10T12:52:03.269Z
402,26,1,"Updated task name, description, assignee, status",2025-07-10T12:52:13.242Z,2025-07-10T12:52:13.242Z
403,14,1,Updated task status,2025-07-10T12:52:16.055Z,2025-07-10T12:52:16.055Z
404,26,1,Updated task status,2025-07-10T12:52:16.088Z,2025-07-10T12:52:16.088Z
405,15,1,Updated task status,2025-07-10T12:52:16.101Z,2025-07-10T12:52:16.101Z
406,1,1,Updated task status,2025-07-10T12:52:16.101Z,2025-07-10T12:52:16.101Z
407,41,1,Updated task status,2025-07-10T12:52:16.101Z,2025-07-10T12:52:16.101Z
408,11,1,Updated task status,2025-07-10T12:52:16.103Z,2025-07-10T12:52:16.103Z
409,18,1,Updated task status,2025-07-10T12:52:16.103Z,2025-07-10T12:52:16.103Z
410,13,1,Updated task status,2025-07-10T12:52:16.146Z,2025-07-10T12:52:16.146Z
411,25,1,Updated task status,2025-07-10T12:52:16.157Z,2025-07-10T12:52:16.157Z
412,10,1,Updated task status,2025-07-10T12:52:16.158Z,2025-07-10T12:52:16.158Z
413,3,1,Updated task status,2025-07-10T12:52:16.158Z,2025-07-10T12:52:16.158Z
414,16,1,Updated task status,2025-07-10T12:52:16.160Z,2025-07-10T12:52:16.160Z
415,12,1,Updated task status,2025-07-10T12:52:16.160Z,2025-07-10T12:52:16.160Z
416,17,1,Updated task status,2025-07-10T12:52:16.198Z,2025-07-10T12:52:16.198Z
417,21,1,Updated task status,2025-07-10T12:52:16.199Z,2025-07-10T12:52:16.199Z
418,20,1,Updated task status,2025-07-10T12:52:16.199Z,2025-07-10T12:52:16.199Z
419,2,1,Updated task status,2025-07-10T12:52:16.203Z,2025-07-10T12:52:16.203Z
420,5,1,Updated task status,2025-07-10T12:52:16.203Z,2025-07-10T12:52:16.203Z
421,4,1,Updated task status,2025-07-10T12:52:16.207Z,2025-07-10T12:52:16.207Z
422,41,1,Updated task status,2025-07-10T12:52:22.286Z,2025-07-10T12:52:22.286Z
423,14,1,Updated task status,2025-07-10T12:52:22.290Z,2025-07-10T12:52:22.290Z
424,18,1,Updated task status,2025-07-10T12:52:22.290Z,2025-07-10T12:52:22.290Z
425,1,1,Updated task status,2025-07-10T12:52:22.291Z,2025-07-10T12:52:22.291Z
426,13,1,Updated task status,2025-07-10T12:52:22.294Z,2025-07-10T12:52:22.294Z
427,11,1,Updated task status,2025-07-10T12:52:22.326Z,2025-07-10T12:52:22.326Z
428,15,1,Updated task status,2025-07-10T12:52:22.339Z,2025-07-10T12:52:22.339Z
429,25,1,Updated task status,2025-07-10T12:52:22.340Z,2025-07-10T12:52:22.340Z
430,10,1,Updated task status,2025-07-10T12:52:22.344Z,2025-07-10T12:52:22.344Z
431,3,1,Updated task status,2025-07-10T12:52:22.345Z,2025-07-10T12:52:22.345Z
432,12,1,Updated task status,2025-07-10T12:52:22.345Z,2025-07-10T12:52:22.345Z
433,16,1,Updated task status,2025-07-10T12:52:22.359Z,2025-07-10T12:52:22.359Z
434,21,1,Updated task status,2025-07-10T12:52:22.370Z,2025-07-10T12:52:22.370Z
435,17,1,Updated task status,2025-07-10T12:52:22.392Z,2025-07-10T12:52:22.392Z
436,26,1,Updated task status,2025-07-10T12:52:22.392Z,2025-07-10T12:52:22.392Z
437,5,1,Updated task status,2025-07-10T12:52:22.397Z,2025-07-10T12:52:22.397Z
438,4,1,Updated task status,2025-07-10T12:52:22.400Z,2025-07-10T12:52:22.400Z
439,20,1,Updated task status,2025-07-10T12:52:22.402Z,2025-07-10T12:52:22.402Z
440,2,1,Updated task status,2025-07-10T12:52:22.409Z,2025-07-10T12:52:22.409Z
441,1,1,Updated task status,2025-07-10T12:52:25.891Z,2025-07-10T12:52:25.891Z
442,14,1,Updated task status,2025-07-10T12:52:25.895Z,2025-07-10T12:52:25.895Z
443,41,1,Updated task status,2025-07-10T12:52:25.896Z,2025-07-10T12:52:25.896Z
444,18,1,Updated task status,2025-07-10T12:52:25.899Z,2025-07-10T12:52:25.899Z
445,25,1,Updated task status,2025-07-10T12:52:25.921Z,2025-07-10T12:52:25.921Z
446,11,1,Updated task status,2025-07-10T12:52:25.927Z,2025-07-10T12:52:25.927Z
447,13,1,Updated task status,2025-07-10T12:52:25.942Z,2025-07-10T12:52:25.942Z
448,15,1,Updated task status,2025-07-10T12:52:25.958Z,2025-07-10T12:52:25.958Z
449,10,1,Updated task status,2025-07-10T12:52:25.960Z,2025-07-10T12:52:25.960Z
450,12,1,Updated task status,2025-07-10T12:52:25.965Z,2025-07-10T12:52:25.965Z
451,16,1,Updated task status,2025-07-10T12:52:25.965Z,2025-07-10T12:52:25.965Z
452,26,1,Updated task status,2025-07-10T12:52:25.966Z,2025-07-10T12:52:25.966Z
453,3,1,Updated task status,2025-07-10T12:52:25.983Z,2025-07-10T12:52:25.983Z
454,17,1,Updated task status,2025-07-10T12:52:25.991Z,2025-07-10T12:52:25.991Z
455,20,1,Updated task status,2025-07-10T12:52:26.012Z,2025-07-10T12:52:26.012Z
456,21,1,Updated task status,2025-07-10T12:52:26.017Z,2025-07-10T12:52:26.017Z
457,2,1,Updated task status,2025-07-10T12:52:26.019Z,2025-07-10T12:52:26.019Z
458,5,1,Updated task status,2025-07-10T12:52:26.027Z,2025-07-10T12:52:26.027Z
459,4,1,Updated task status,2025-07-10T12:52:26.033Z,2025-07-10T12:52:26.033Z
460,1,1,Updated task status,2025-07-10T12:52:28.790Z,2025-07-10T12:52:28.790Z
461,18,1,Updated task status,2025-07-10T12:52:28.794Z,2025-07-10T12:52:28.794Z
462,13,1,Updated task status,2025-07-10T12:52:28.794Z,2025-07-10T12:52:28.794Z
463,41,1,Updated task status,2025-07-10T12:52:28.795Z,2025-07-10T12:52:28.795Z
464,14,1,Updated task status,2025-07-10T12:52:28.795Z,2025-07-10T12:52:28.795Z
465,15,1,Updated task status,2025-07-10T12:52:28.798Z,2025-07-10T12:52:28.798Z
466,25,1,Updated task status,2025-07-10T12:52:28.846Z,2025-07-10T12:52:28.846Z
467,11,1,Updated task status,2025-07-10T12:52:28.850Z,2025-07-10T12:52:28.850Z
468,10,1,Updated task status,2025-07-10T12:52:28.851Z,2025-07-10T12:52:28.851Z
469,16,1,Updated task status,2025-07-10T12:52:28.851Z,2025-07-10T12:52:28.851Z
470,3,1,Updated task status,2025-07-10T12:52:28.851Z,2025-07-10T12:52:28.851Z
471,12,1,Updated task status,2025-07-10T12:52:28.859Z,2025-07-10T12:52:28.859Z
472,21,1,Updated task status,2025-07-10T12:52:28.898Z,2025-07-10T12:52:28.898Z
473,20,1,Updated task status,2025-07-10T12:52:28.902Z,2025-07-10T12:52:28.902Z
474,4,1,Updated task status,2025-07-10T12:52:28.902Z,2025-07-10T12:52:28.902Z
475,17,1,Updated task status,2025-07-10T12:52:28.903Z,2025-07-10T12:52:28.903Z
476,26,1,Updated task status,2025-07-10T12:52:28.903Z,2025-07-10T12:52:28.903Z
477,2,1,Updated task status,2025-07-10T12:52:28.905Z,2025-07-10T12:52:28.905Z
478,5,1,Updated task status,2025-07-10T12:52:28.945Z,2025-07-10T12:52:28.945Z
479,4,1,"Updated task name, description, assignee, status",2025-07-10T12:52:41.936Z,2025-07-10T12:52:41.936Z
480,4,1,"Updated task name, description, status",2025-07-10T12:52:48.722Z,2025-07-10T12:52:48.722Z
481,11,1,"Updated task name, description, assignee, status",2025-07-10T12:53:07.029Z,2025-07-10T12:53:07.029Z
482,11,1,"Updated task name, description, assignee, status",2025-07-10T12:53:28.908Z,2025-07-10T12:53:28.908Z
483,41,1,Updated task status,2025-07-10T12:53:31.778Z,2025-07-10T12:53:31.778Z
484,18,1,Updated task status,2025-07-10T12:53:31.789Z,2025-07-10T12:53:31.789Z
485,1,1,Updated task status,2025-07-10T12:53:31.790Z,2025-07-10T12:53:31.790Z
486,14,1,Updated task status,2025-07-10T12:53:31.790Z,2025-07-10T12:53:31.790Z
487,25,1,Updated task status,2025-07-10T12:53:31.792Z,2025-07-10T12:53:31.792Z
488,15,1,Updated task status,2025-07-10T12:53:31.796Z,2025-07-10T12:53:31.796Z
489,13,1,Updated task status,2025-07-10T12:53:31.834Z,2025-07-10T12:53:31.834Z
490,16,1,Updated task status,2025-07-10T12:53:31.844Z,2025-07-10T12:53:31.844Z
491,10,1,Updated task status,2025-07-10T12:53:31.845Z,2025-07-10T12:53:31.845Z
492,3,1,Updated task status,2025-07-10T12:53:31.845Z,2025-07-10T12:53:31.845Z
493,11,1,Updated task status,2025-07-10T12:53:31.851Z,2025-07-10T12:53:31.851Z
494,12,1,Updated task status,2025-07-10T12:53:31.856Z,2025-07-10T12:53:31.856Z
495,17,1,Updated task status,2025-07-10T12:53:31.873Z,2025-07-10T12:53:31.873Z
496,21,1,Updated task status,2025-07-10T12:53:31.888Z,2025-07-10T12:53:31.888Z
497,20,1,Updated task status,2025-07-10T12:53:31.907Z,2025-07-10T12:53:31.907Z
498,26,1,Updated task status,2025-07-10T12:53:31.911Z,2025-07-10T12:53:31.911Z
499,2,1,Updated task status,2025-07-10T12:53:31.912Z,2025-07-10T12:53:31.912Z
500,4,1,Updated task status,2025-07-10T12:53:31.912Z,2025-07-10T12:53:31.912Z
501,5,1,Updated task status,2025-07-10T12:53:31.912Z,2025-07-10T12:53:31.912Z
502,18,1,Updated task status,2025-07-10T12:53:33.888Z,2025-07-10T12:53:33.888Z
503,14,1,Updated task status,2025-07-10T12:53:33.891Z,2025-07-10T12:53:33.891Z
504,1,1,Updated task status,2025-07-10T12:53:33.892Z,2025-07-10T12:53:33.892Z
505,41,1,Updated task status,2025-07-10T12:53:33.897Z,2025-07-10T12:53:33.897Z
506,13,1,Updated task status,2025-07-10T12:53:33.904Z,2025-07-10T12:53:33.904Z
507,25,1,Updated task status,2025-07-10T12:53:33.910Z,2025-07-10T12:53:33.910Z
508,15,1,Updated task status,2025-07-10T12:53:33.931Z,2025-07-10T12:53:33.931Z
509,10,1,Updated task status,2025-07-10T12:53:33.953Z,2025-07-10T12:53:33.953Z
510,3,1,Updated task status,2025-07-10T12:53:33.956Z,2025-07-10T12:53:33.956Z
511,16,1,Updated task status,2025-07-10T12:53:33.960Z,2025-07-10T12:53:33.960Z
512,20,1,Updated task status,2025-07-10T12:53:33.961Z,2025-07-10T12:53:33.961Z
513,12,1,Updated task status,2025-07-10T12:53:33.961Z,2025-07-10T12:53:33.961Z
514,11,1,Updated task status,2025-07-10T12:53:33.965Z,2025-07-10T12:53:33.965Z
515,21,1,Updated task status,2025-07-10T12:53:33.998Z,2025-07-10T12:53:33.998Z
516,17,1,Updated task status,2025-07-10T12:53:34.005Z,2025-07-10T12:53:34.005Z
517,5,1,Updated task status,2025-07-10T12:53:34.007Z,2025-07-10T12:53:34.007Z
518,26,1,Updated task status,2025-07-10T12:53:34.008Z,2025-07-10T12:53:34.008Z
519,2,1,Updated task status,2025-07-10T12:53:34.012Z,2025-07-10T12:53:34.012Z
520,4,1,Updated task status,2025-07-10T12:53:34.012Z,2025-07-10T12:53:34.012Z
521,11,1,"Updated task name, description, assignee, status",2025-07-10T12:53:47.273Z,2025-07-10T12:53:47.273Z
522,14,1,Updated task status,2025-07-10T13:08:20.120Z,2025-07-10T13:08:20.120Z
523,1,1,Updated task status,2025-07-10T13:08:20.127Z,2025-07-10T13:08:20.127Z
524,25,1,Updated task status,2025-07-10T13:08:20.132Z,2025-07-10T13:08:20.132Z
525,15,1,Updated task status,2025-07-10T13:08:20.133Z,2025-07-10T13:08:20.133Z
526,18,1,Updated task status,2025-07-10T13:08:20.133Z,2025-07-10T13:08:20.133Z
527,11,1,Updated task status,2025-07-10T13:08:20.136Z,2025-07-10T13:08:20.136Z
528,13,1,Updated task status,2025-07-10T13:08:20.190Z,2025-07-10T13:08:20.190Z
529,10,1,Updated task status,2025-07-10T13:08:20.193Z,2025-07-10T13:08:20.193Z
530,12,1,Updated task status,2025-07-10T13:08:20.196Z,2025-07-10T13:08:20.196Z
531,3,1,Updated task status,2025-07-10T13:08:20.200Z,2025-07-10T13:08:20.200Z
532,16,1,Updated task status,2025-07-10T13:08:20.201Z,2025-07-10T13:08:20.201Z
533,17,1,Updated task status,2025-07-10T13:08:20.201Z,2025-07-10T13:08:20.201Z
534,20,1,Updated task status,2025-07-10T13:08:20.225Z,2025-07-10T13:08:20.225Z
535,41,1,Updated task status,2025-07-10T13:08:20.252Z,2025-07-10T13:08:20.252Z
536,26,1,Updated task status,2025-07-10T13:08:20.256Z,2025-07-10T13:08:20.256Z
537,5,1,Updated task status,2025-07-10T13:08:20.256Z,2025-07-10T13:08:20.256Z
538,2,1,Updated task status,2025-07-10T13:08:20.257Z,2025-07-10T13:08:20.257Z
539,21,1,Updated task status,2025-07-10T13:08:20.257Z,2025-07-10T13:08:20.257Z
540,4,1,Updated task status,2025-07-10T13:08:20.266Z,2025-07-10T13:08:20.266Z
541,18,1,Updated task status,2025-07-10T13:08:29.300Z,2025-07-10T13:08:29.300Z
542,3,1,Updated task status,2025-07-10T13:08:29.305Z,2025-07-10T13:08:29.305Z
543,1,1,Updated task status,2025-07-10T13:08:29.313Z,2025-07-10T13:08:29.313Z
544,14,1,Updated task status,2025-07-10T13:08:29.329Z,2025-07-10T13:08:29.329Z
545,25,1,Updated task status,2025-07-10T13:08:29.355Z,2025-07-10T13:08:29.355Z
546,11,1,Updated task status,2025-07-10T13:08:29.367Z,2025-07-10T13:08:29.367Z
547,13,1,Updated task status,2025-07-10T13:08:29.368Z,2025-07-10T13:08:29.368Z
548,15,1,Updated task status,2025-07-10T13:08:29.368Z,2025-07-10T13:08:29.368Z
549,10,1,Updated task status,2025-07-10T13:08:29.372Z,2025-07-10T13:08:29.372Z
550,12,1,Updated task status,2025-07-10T13:08:29.412Z,2025-07-10T13:08:29.412Z
551,16,1,Updated task status,2025-07-10T13:08:29.416Z,2025-07-10T13:08:29.416Z
552,41,1,Updated task status,2025-07-10T13:08:29.424Z,2025-07-10T13:08:29.424Z
553,20,1,Updated task status,2025-07-10T13:08:29.425Z,2025-07-10T13:08:29.425Z
554,17,1,Updated task status,2025-07-10T13:08:29.425Z,2025-07-10T13:08:29.425Z
555,21,1,Updated task status,2025-07-10T13:08:29.431Z,2025-07-10T13:08:29.431Z
556,4,1,Updated task status,2025-07-10T13:08:29.457Z,2025-07-10T13:08:29.457Z
557,5,1,Updated task status,2025-07-10T13:08:29.460Z,2025-07-10T13:08:29.460Z
558,2,1,Updated task status,2025-07-10T13:08:29.464Z,2025-07-10T13:08:29.464Z
559,26,1,Updated task status,2025-07-10T13:08:29.466Z,2025-07-10T13:08:29.466Z
560,1,1,Updated task status,2025-07-10T13:09:28.294Z,2025-07-10T13:09:28.294Z
561,15,1,Updated task status,2025-07-10T13:09:28.298Z,2025-07-10T13:09:28.298Z
562,14,1,Updated task status,2025-07-10T13:09:28.299Z,2025-07-10T13:09:28.299Z
563,25,1,Updated task status,2025-07-10T13:09:28.300Z,2025-07-10T13:09:28.300Z
564,18,1,Updated task status,2025-07-10T13:09:28.300Z,2025-07-10T13:09:28.300Z
565,13,1,Updated task status,2025-07-10T13:09:28.307Z,2025-07-10T13:09:28.307Z
566,10,1,Updated task status,2025-07-10T13:09:28.365Z,2025-07-10T13:09:28.365Z
567,12,1,Updated task status,2025-07-10T13:09:28.367Z,2025-07-10T13:09:28.367Z
568,16,1,Updated task status,2025-07-10T13:09:28.368Z,2025-07-10T13:09:28.368Z
569,21,1,Updated task status,2025-07-10T13:09:28.370Z,2025-07-10T13:09:28.370Z
570,11,1,Updated task status,2025-07-10T13:09:28.373Z,2025-07-10T13:09:28.373Z
571,17,1,Updated task status,2025-07-10T13:09:28.395Z,2025-07-10T13:09:28.395Z
572,20,1,Updated task status,2025-07-10T13:09:28.431Z,2025-07-10T13:09:28.431Z
573,2,1,Updated task status,2025-07-10T13:09:28.434Z,2025-07-10T13:09:28.434Z
574,3,1,Updated task status,2025-07-10T13:09:28.435Z,2025-07-10T13:09:28.435Z
575,41,1,Updated task status,2025-07-10T13:09:28.435Z,2025-07-10T13:09:28.435Z
576,26,1,Updated task status,2025-07-10T13:09:28.438Z,2025-07-10T13:09:28.438Z
577,5,1,Updated task status,2025-07-10T13:09:28.439Z,2025-07-10T13:09:28.439Z
578,4,1,Updated task status,2025-07-10T13:09:28.489Z,2025-07-10T13:09:28.489Z
579,18,1,Updated task status,2025-07-10T13:11:10.906Z,2025-07-10T13:11:10.906Z
580,15,1,Updated task status,2025-07-10T13:11:10.923Z,2025-07-10T13:11:10.923Z
581,1,1,Updated task status,2025-07-10T13:11:10.923Z,2025-07-10T13:11:10.923Z
582,14,1,Updated task status,2025-07-10T13:11:10.923Z,2025-07-10T13:11:10.923Z
583,26,1,Updated task status,2025-07-10T13:11:10.924Z,2025-07-10T13:11:10.924Z
584,25,1,Updated task status,2025-07-10T13:11:11.021Z,2025-07-10T13:11:11.021Z
585,13,1,Updated task status,2025-07-10T13:11:11.025Z,2025-07-10T13:11:11.025Z
586,11,1,Updated task status,2025-07-10T13:11:11.029Z,2025-07-10T13:11:11.029Z
587,16,1,Updated task status,2025-07-10T13:11:11.054Z,2025-07-10T13:11:11.054Z
588,10,1,Updated task status,2025-07-10T13:11:11.066Z,2025-07-10T13:11:11.066Z
589,21,1,Updated task status,2025-07-10T13:11:11.069Z,2025-07-10T13:11:11.069Z
590,12,1,Updated task status,2025-07-10T13:11:11.070Z,2025-07-10T13:11:11.070Z
591,41,1,Updated task status,2025-07-10T13:11:11.070Z,2025-07-10T13:11:11.070Z
592,17,1,Updated task status,2025-07-10T13:11:11.073Z,2025-07-10T13:11:11.073Z
593,20,1,Updated task status,2025-07-10T13:11:11.107Z,2025-07-10T13:11:11.107Z
594,2,1,Updated task status,2025-07-10T13:11:11.110Z,2025-07-10T13:11:11.110Z
595,4,1,Updated task status,2025-07-10T13:11:11.114Z,2025-07-10T13:11:11.114Z
596,3,1,Updated task status,2025-07-10T13:11:11.115Z,2025-07-10T13:11:11.115Z
597,5,1,Updated task status,2025-07-10T13:11:11.116Z,2025-07-10T13:11:11.116Z
598,1,1,Updated task status,2025-07-10T13:11:15.503Z,2025-07-10T13:11:15.503Z
599,18,1,Updated task status,2025-07-10T13:11:15.520Z,2025-07-10T13:11:15.520Z
600,14,1,Updated task status,2025-07-10T13:11:15.521Z,2025-07-10T13:11:15.521Z
601,26,1,Updated task status,2025-07-10T13:11:15.528Z,2025-07-10T13:11:15.528Z
602,25,1,Updated task status,2025-07-10T13:11:15.528Z,2025-07-10T13:11:15.528Z
603,13,1,Updated task status,2025-07-10T13:11:15.559Z,2025-07-10T13:11:15.559Z
604,12,1,Updated task status,2025-07-10T13:11:15.571Z,2025-07-10T13:11:15.571Z
605,16,1,Updated task status,2025-07-10T13:11:15.609Z,2025-07-10T13:11:15.609Z
606,10,1,Updated task status,2025-07-10T13:11:15.612Z,2025-07-10T13:11:15.612Z
607,3,1,Updated task status,2025-07-10T13:11:15.613Z,2025-07-10T13:11:15.613Z
608,11,1,Updated task status,2025-07-10T13:11:15.613Z,2025-07-10T13:11:15.613Z
609,15,1,Updated task status,2025-07-10T13:11:15.614Z,2025-07-10T13:11:15.614Z
610,2,1,Updated task status,2025-07-10T13:11:15.615Z,2025-07-10T13:11:15.615Z
611,21,1,Updated task status,2025-07-10T13:11:15.670Z,2025-07-10T13:11:15.670Z
612,41,1,Updated task status,2025-07-10T13:11:15.674Z,2025-07-10T13:11:15.674Z
613,17,1,Updated task status,2025-07-10T13:11:15.674Z,2025-07-10T13:11:15.674Z
614,4,1,Updated task status,2025-07-10T13:11:15.675Z,2025-07-10T13:11:15.675Z
615,20,1,Updated task status,2025-07-10T13:11:15.675Z,2025-07-10T13:11:15.675Z
616,5,1,Updated task status,2025-07-10T13:11:15.684Z,2025-07-10T13:11:15.684Z
617,15,1,"Updated task name, description, assignee, status",2025-07-10T13:11:23.191Z,2025-07-10T13:11:23.191Z
618,4,1,Updated task status,2025-07-10T13:12:57.644Z,2025-07-10T13:12:57.644Z
619,14,1,Updated task status,2025-07-10T13:12:57.647Z,2025-07-10T13:12:57.647Z
620,1,1,Updated task status,2025-07-10T13:12:57.651Z,2025-07-10T13:12:57.651Z
621,13,1,Updated task status,2025-07-10T13:12:57.660Z,2025-07-10T13:12:57.660Z
622,18,1,Updated task status,2025-07-10T13:12:57.661Z,2025-07-10T13:12:57.661Z
623,26,1,Updated task status,2025-07-10T13:12:57.713Z,2025-07-10T13:12:57.713Z
624,12,1,Updated task status,2025-07-10T13:12:57.717Z,2025-07-10T13:12:57.717Z
625,25,1,Updated task status,2025-07-10T13:12:57.718Z,2025-07-10T13:12:57.718Z
626,16,1,Updated task status,2025-07-10T13:12:57.718Z,2025-07-10T13:12:57.718Z
627,11,1,Updated task status,2025-07-10T13:12:57.718Z,2025-07-10T13:12:57.718Z
628,15,1,Updated task status,2025-07-10T13:12:57.721Z,2025-07-10T13:12:57.721Z
629,10,1,Updated task status,2025-07-10T13:12:57.773Z,2025-07-10T13:12:57.773Z
630,41,1,Updated task status,2025-07-10T13:12:57.778Z,2025-07-10T13:12:57.778Z
631,17,1,Updated task status,2025-07-10T13:12:57.781Z,2025-07-10T13:12:57.781Z
632,5,1,Updated task status,2025-07-10T13:12:57.782Z,2025-07-10T13:12:57.782Z
633,20,1,Updated task status,2025-07-10T13:12:57.785Z,2025-07-10T13:12:57.785Z
634,21,1,Updated task status,2025-07-10T13:12:57.786Z,2025-07-10T13:12:57.786Z
635,3,1,Updated task status,2025-07-10T13:12:57.845Z,2025-07-10T13:12:57.845Z
636,2,1,Updated task status,2025-07-10T13:12:57.855Z,2025-07-10T13:12:57.855Z
637,18,1,Updated task status,2025-07-10T13:13:01.003Z,2025-07-10T13:13:01.003Z
638,4,1,Updated task status,2025-07-10T13:13:01.009Z,2025-07-10T13:13:01.009Z
639,1,1,Updated task status,2025-07-10T13:13:01.009Z,2025-07-10T13:13:01.009Z
640,14,1,Updated task status,2025-07-10T13:13:01.010Z,2025-07-10T13:13:01.010Z
641,13,1,Updated task status,2025-07-10T13:13:01.013Z,2025-07-10T13:13:01.013Z
642,25,1,Updated task status,2025-07-10T13:13:01.049Z,2025-07-10T13:13:01.049Z
643,15,1,Updated task status,2025-07-10T13:13:01.062Z,2025-07-10T13:13:01.062Z
644,21,1,Updated task status,2025-07-10T13:13:01.105Z,2025-07-10T13:13:01.105Z
645,16,1,Updated task status,2025-07-10T13:13:01.109Z,2025-07-10T13:13:01.109Z
646,10,1,Updated task status,2025-07-10T13:13:01.109Z,2025-07-10T13:13:01.109Z
647,11,1,Updated task status,2025-07-10T13:13:01.110Z,2025-07-10T13:13:01.110Z
648,2,1,Updated task status,2025-07-10T13:13:01.113Z,2025-07-10T13:13:01.113Z
649,41,1,Updated task status,2025-07-10T13:13:01.113Z,2025-07-10T13:13:01.113Z
650,12,1,Updated task status,2025-07-10T13:13:01.164Z,2025-07-10T13:13:01.164Z
651,17,1,Updated task status,2025-07-10T13:13:01.167Z,2025-07-10T13:13:01.167Z
652,20,1,Updated task status,2025-07-10T13:13:01.167Z,2025-07-10T13:13:01.167Z
653,3,1,Updated task status,2025-07-10T13:13:01.171Z,2025-07-10T13:13:01.171Z
654,26,1,Updated task status,2025-07-10T13:13:01.172Z,2025-07-10T13:13:01.172Z
655,5,1,Updated task status,2025-07-10T13:13:01.178Z,2025-07-10T13:13:01.178Z
656,18,1,Updated task status,2025-07-10T13:13:02.636Z,2025-07-10T13:13:02.636Z
657,14,1,Updated task status,2025-07-10T13:13:02.641Z,2025-07-10T13:13:02.641Z
658,4,1,Updated task status,2025-07-10T13:13:02.641Z,2025-07-10T13:13:02.641Z
659,25,1,Updated task status,2025-07-10T13:13:02.642Z,2025-07-10T13:13:02.642Z
660,1,1,Updated task status,2025-07-10T13:13:02.642Z,2025-07-10T13:13:02.642Z
661,13,1,Updated task status,2025-07-10T13:13:02.645Z,2025-07-10T13:13:02.645Z
662,11,1,Updated task status,2025-07-10T13:13:02.703Z,2025-07-10T13:13:02.703Z
663,10,1,Updated task status,2025-07-10T13:13:02.707Z,2025-07-10T13:13:02.707Z
664,12,1,Updated task status,2025-07-10T13:13:02.720Z,2025-07-10T13:13:02.720Z
665,16,1,Updated task status,2025-07-10T13:13:02.721Z,2025-07-10T13:13:02.721Z
666,15,1,Updated task status,2025-07-10T13:13:02.723Z,2025-07-10T13:13:02.723Z
667,20,1,Updated task status,2025-07-10T13:13:02.723Z,2025-07-10T13:13:02.723Z
668,5,1,Updated task status,2025-07-10T13:13:02.745Z,2025-07-10T13:13:02.745Z
669,17,1,Updated task status,2025-07-10T13:13:02.745Z,2025-07-10T13:13:02.745Z
670,41,1,Updated task status,2025-07-10T13:13:02.746Z,2025-07-10T13:13:02.746Z
671,3,1,Updated task status,2025-07-10T13:13:02.757Z,2025-07-10T13:13:02.757Z
672,2,1,Updated task status,2025-07-10T13:13:02.757Z,2025-07-10T13:13:02.757Z
673,26,1,Updated task status,2025-07-10T13:13:02.767Z,2025-07-10T13:13:02.767Z
674,21,1,Updated task status,2025-07-10T13:13:02.800Z,2025-07-10T13:13:02.800Z
675,1,1,Updated task status,2025-07-10T13:13:05.010Z,2025-07-10T13:13:05.010Z
676,14,1,Updated task status,2025-07-10T13:13:05.014Z,2025-07-10T13:13:05.014Z
677,4,1,Updated task status,2025-07-10T13:13:05.019Z,2025-07-10T13:13:05.019Z
678,18,1,Updated task status,2025-07-10T13:13:05.043Z,2025-07-10T13:13:05.043Z
679,3,1,Updated task status,2025-07-10T13:13:05.060Z,2025-07-10T13:13:05.060Z
680,13,1,Updated task status,2025-07-10T13:13:05.065Z,2025-07-10T13:13:05.065Z
681,20,1,Updated task status,2025-07-10T13:13:05.094Z,2025-07-10T13:13:05.094Z
682,11,1,Updated task status,2025-07-10T13:13:05.094Z,2025-07-10T13:13:05.094Z
683,25,1,Updated task status,2025-07-10T13:13:05.095Z,2025-07-10T13:13:05.095Z
684,15,1,Updated task status,2025-07-10T13:13:05.095Z,2025-07-10T13:13:05.095Z
685,2,1,Updated task status,2025-07-10T13:13:05.113Z,2025-07-10T13:13:05.113Z
686,10,1,Updated task status,2025-07-10T13:13:05.119Z,2025-07-10T13:13:05.119Z
687,12,1,Updated task status,2025-07-10T13:13:05.140Z,2025-07-10T13:13:05.140Z
688,41,1,Updated task status,2025-07-10T13:13:05.162Z,2025-07-10T13:13:05.162Z
689,16,1,Updated task status,2025-07-10T13:13:05.162Z,2025-07-10T13:13:05.162Z
690,26,1,Updated task status,2025-07-10T13:13:05.162Z,2025-07-10T13:13:05.162Z
691,17,1,Updated task status,2025-07-10T13:13:05.163Z,2025-07-10T13:13:05.163Z
692,21,1,Updated task status,2025-07-10T13:13:05.166Z,2025-07-10T13:13:05.166Z
693,5,1,Updated task status,2025-07-10T13:13:05.195Z,2025-07-10T13:13:05.195Z
694,14,1,Updated task status,2025-07-10T13:13:06.458Z,2025-07-10T13:13:06.458Z
695,18,1,Updated task status,2025-07-10T13:13:06.462Z,2025-07-10T13:13:06.462Z
696,4,1,Updated task status,2025-07-10T13:13:06.463Z,2025-07-10T13:13:06.463Z
697,3,1,Updated task status,2025-07-10T13:13:06.481Z,2025-07-10T13:13:06.481Z
698,1,1,Updated task status,2025-07-10T13:13:06.482Z,2025-07-10T13:13:06.482Z
699,25,1,Updated task status,2025-07-10T13:13:06.486Z,2025-07-10T13:13:06.486Z
700,16,1,Updated task status,2025-07-10T13:13:06.506Z,2025-07-10T13:13:06.506Z
701,13,1,Updated task status,2025-07-10T13:13:06.527Z,2025-07-10T13:13:06.527Z
702,15,1,Updated task status,2025-07-10T13:13:06.541Z,2025-07-10T13:13:06.541Z
703,12,1,Updated task status,2025-07-10T13:13:06.550Z,2025-07-10T13:13:06.550Z
704,10,1,Updated task status,2025-07-10T13:13:06.550Z,2025-07-10T13:13:06.550Z
705,21,1,Updated task status,2025-07-10T13:13:06.553Z,2025-07-10T13:13:06.553Z
706,11,1,Updated task status,2025-07-10T13:13:06.554Z,2025-07-10T13:13:06.554Z
707,20,1,Updated task status,2025-07-10T13:13:06.591Z,2025-07-10T13:13:06.591Z
708,41,1,Updated task status,2025-07-10T13:13:06.595Z,2025-07-10T13:13:06.595Z
709,5,1,Updated task status,2025-07-10T13:13:06.595Z,2025-07-10T13:13:06.595Z
710,17,1,Updated task status,2025-07-10T13:13:06.595Z,2025-07-10T13:13:06.595Z
711,26,1,Updated task status,2025-07-10T13:13:06.596Z,2025-07-10T13:13:06.596Z
712,2,1,Updated task status,2025-07-10T13:13:06.611Z,2025-07-10T13:13:06.611Z
713,4,1,Updated task status,2025-07-10T13:17:06.234Z,2025-07-10T13:17:06.234Z
714,18,1,Updated task status,2025-07-10T13:17:06.247Z,2025-07-10T13:17:06.247Z
715,1,1,Updated task status,2025-07-10T13:17:06.259Z,2025-07-10T13:17:06.259Z
716,14,1,Updated task status,2025-07-10T13:17:06.287Z,2025-07-10T13:17:06.287Z
717,13,1,Updated task status,2025-07-10T13:17:06.297Z,2025-07-10T13:17:06.297Z
718,16,1,Updated task status,2025-07-10T13:17:06.299Z,2025-07-10T13:17:06.299Z
719,25,1,Updated task status,2025-07-10T13:17:06.309Z,2025-07-10T13:17:06.309Z
720,11,1,Updated task status,2025-07-10T13:17:06.348Z,2025-07-10T13:17:06.348Z
721,15,1,Updated task status,2025-07-10T13:17:06.362Z,2025-07-10T13:17:06.362Z
722,12,1,Updated task status,2025-07-10T13:17:06.363Z,2025-07-10T13:17:06.363Z
723,10,1,Updated task status,2025-07-10T13:17:06.363Z,2025-07-10T13:17:06.363Z
724,20,1,Updated task status,2025-07-10T13:17:06.363Z,2025-07-10T13:17:06.363Z
725,41,1,Updated task status,2025-07-10T13:17:06.370Z,2025-07-10T13:17:06.370Z
726,26,1,Updated task status,2025-07-10T13:17:06.398Z,2025-07-10T13:17:06.398Z
727,21,1,Updated task status,2025-07-10T13:17:06.415Z,2025-07-10T13:17:06.415Z
728,17,1,Updated task status,2025-07-10T13:17:06.416Z,2025-07-10T13:17:06.416Z
729,5,1,Updated task status,2025-07-10T13:17:06.416Z,2025-07-10T13:17:06.416Z
730,2,1,Updated task status,2025-07-10T13:17:06.417Z,2025-07-10T13:17:06.417Z
731,3,1,Updated task status,2025-07-10T13:17:06.423Z,2025-07-10T13:17:06.423Z
732,3,1,"Updated task name, description, assignee, status",2025-07-10T13:17:24.577Z,2025-07-10T13:17:24.577Z
733,14,1,Updated task status,2025-07-10T13:21:20.263Z,2025-07-10T13:21:20.263Z
734,18,1,Updated task status,2025-07-10T13:21:20.275Z,2025-07-10T13:21:20.275Z
735,1,1,Updated task status,2025-07-10T13:21:20.275Z,2025-07-10T13:21:20.275Z
736,4,1,Updated task status,2025-07-10T13:21:20.279Z,2025-07-10T13:21:20.279Z
737,13,1,Updated task status,2025-07-10T13:21:20.279Z,2025-07-10T13:21:20.279Z
738,25,1,Updated task status,2025-07-10T13:21:20.972Z,2025-07-10T13:21:20.972Z
739,12,1,Updated task status,2025-07-10T13:21:20.980Z,2025-07-10T13:21:20.980Z
740,16,1,Updated task status,2025-07-10T13:21:20.981Z,2025-07-10T13:21:20.981Z
741,15,1,Updated task status,2025-07-10T13:21:20.986Z,2025-07-10T13:21:20.986Z
742,5,1,Updated task status,2025-07-10T13:21:21.010Z,2025-07-10T13:21:21.010Z
743,10,1,Updated task status,2025-07-10T13:21:21.015Z,2025-07-10T13:21:21.015Z
744,21,1,Updated task status,2025-07-10T13:21:21.018Z,2025-07-10T13:21:21.018Z
745,11,1,Updated task status,2025-07-10T13:21:21.018Z,2025-07-10T13:21:21.018Z
746,20,1,Updated task status,2025-07-10T13:21:21.028Z,2025-07-10T13:21:21.028Z
747,41,1,Updated task status,2025-07-10T13:21:21.038Z,2025-07-10T13:21:21.038Z
748,26,1,Updated task status,2025-07-10T13:21:21.071Z,2025-07-10T13:21:21.071Z
749,17,1,Updated task status,2025-07-10T13:21:21.082Z,2025-07-10T13:21:21.082Z
750,2,1,Updated task status,2025-07-10T13:21:21.083Z,2025-07-10T13:21:21.083Z
751,3,1,Updated task status,2025-07-10T13:21:21.083Z,2025-07-10T13:21:21.083Z
752,1,1,Updated task status,2025-07-10T13:21:26.806Z,2025-07-10T13:21:26.806Z
753,18,1,Updated task status,2025-07-10T13:21:26.835Z,2025-07-10T13:21:26.835Z
754,4,1,Updated task status,2025-07-10T13:21:26.846Z,2025-07-10T13:21:26.846Z
755,14,1,Updated task status,2025-07-10T13:21:26.926Z,2025-07-10T13:21:26.926Z
756,13,1,Updated task status,2025-07-10T13:21:26.929Z,2025-07-10T13:21:26.929Z
757,25,1,Updated task status,2025-07-10T13:21:26.929Z,2025-07-10T13:21:26.929Z
758,20,1,Updated task status,2025-07-10T13:21:26.933Z,2025-07-10T13:21:26.933Z
759,16,1,Updated task status,2025-07-10T13:21:26.935Z,2025-07-10T13:21:26.935Z
760,5,1,Updated task status,2025-07-10T13:21:26.941Z,2025-07-10T13:21:26.941Z
761,11,1,Updated task status,2025-07-10T13:21:26.970Z,2025-07-10T13:21:26.970Z
762,10,1,Updated task status,2025-07-10T13:21:26.986Z,2025-07-10T13:21:26.986Z
763,12,1,Updated task status,2025-07-10T13:21:26.988Z,2025-07-10T13:21:26.988Z
764,15,1,Updated task status,2025-07-10T13:21:26.988Z,2025-07-10T13:21:26.988Z
765,26,1,Updated task status,2025-07-10T13:21:26.988Z,2025-07-10T13:21:26.988Z
766,41,1,Updated task status,2025-07-10T13:21:26.993Z,2025-07-10T13:21:26.993Z
767,17,1,Updated task status,2025-07-10T13:21:27.029Z,2025-07-10T13:21:27.029Z
768,2,1,Updated task status,2025-07-10T13:21:27.032Z,2025-07-10T13:21:27.032Z
769,3,1,Updated task status,2025-07-10T13:21:27.032Z,2025-07-10T13:21:27.032Z
770,21,1,Updated task status,2025-07-10T13:21:27.033Z,2025-07-10T13:21:27.033Z
771,14,1,Updated task status,2025-07-10T13:21:28.386Z,2025-07-10T13:21:28.386Z
772,4,1,Updated task status,2025-07-10T13:21:28.390Z,2025-07-10T13:21:28.390Z
773,18,1,Updated task status,2025-07-10T13:21:28.391Z,2025-07-10T13:21:28.391Z
774,25,1,Updated task status,2025-07-10T13:21:28.420Z,2025-07-10T13:21:28.420Z
775,16,1,Updated task status,2025-07-10T13:21:28.430Z,2025-07-10T13:21:28.430Z
776,5,1,Updated task status,2025-07-10T13:21:28.503Z,2025-07-10T13:21:28.503Z
777,13,1,Updated task status,2025-07-10T13:21:28.507Z,2025-07-10T13:21:28.507Z
778,10,1,Updated task status,2025-07-10T13:21:28.510Z,2025-07-10T13:21:28.510Z
779,20,1,Updated task status,2025-07-10T13:21:28.511Z,2025-07-10T13:21:28.511Z
780,12,1,Updated task status,2025-07-10T13:21:28.521Z,2025-07-10T13:21:28.521Z
781,15,1,Updated task status,2025-07-10T13:21:28.530Z,2025-07-10T13:21:28.530Z
782,11,1,Updated task status,2025-07-10T13:21:28.547Z,2025-07-10T13:21:28.547Z
783,21,1,Updated task status,2025-07-10T13:21:28.664Z,2025-07-10T13:21:28.664Z
784,41,1,Updated task status,2025-07-10T13:21:28.669Z,2025-07-10T13:21:28.669Z
785,26,1,Updated task status,2025-07-10T13:21:28.669Z,2025-07-10T13:21:28.669Z
786,17,1,Updated task status,2025-07-10T13:21:28.670Z,2025-07-10T13:21:28.670Z
787,1,1,Updated task status,2025-07-10T13:21:28.670Z,2025-07-10T13:21:28.670Z
788,4,1,Updated task status,2025-07-10T13:25:16.986Z,2025-07-10T13:25:16.986Z
789,3,1,Updated task status,2025-07-10T13:25:16.990Z,2025-07-10T13:25:16.990Z
790,16,1,Updated task status,2025-07-10T13:25:16.991Z,2025-07-10T13:25:16.991Z
791,18,1,Updated task status,2025-07-10T13:25:16.991Z,2025-07-10T13:25:16.991Z
792,14,1,Updated task status,2025-07-10T13:25:16.991Z,2025-07-10T13:25:16.991Z
793,5,1,Updated task status,2025-07-10T13:25:16.994Z,2025-07-10T13:25:16.994Z
794,25,1,Updated task status,2025-07-10T13:25:17.047Z,2025-07-10T13:25:17.047Z
795,20,1,Updated task status,2025-07-10T13:25:17.050Z,2025-07-10T13:25:17.050Z
796,11,1,Updated task status,2025-07-10T13:25:17.050Z,2025-07-10T13:25:17.050Z
797,13,1,Updated task status,2025-07-10T13:25:17.050Z,2025-07-10T13:25:17.050Z
798,10,1,Updated task status,2025-07-10T13:25:17.058Z,2025-07-10T13:25:17.058Z
799,15,1,Updated task status,2025-07-10T13:25:17.068Z,2025-07-10T13:25:17.068Z
800,12,1,Updated task status,2025-07-10T13:25:17.089Z,2025-07-10T13:25:17.089Z
801,21,1,Updated task status,2025-07-10T13:25:17.093Z,2025-07-10T13:25:17.093Z
802,26,1,Updated task status,2025-07-10T13:25:17.093Z,2025-07-10T13:25:17.093Z
803,1,1,Updated task status,2025-07-10T13:25:17.094Z,2025-07-10T13:25:17.094Z
804,41,1,Updated task status,2025-07-10T13:25:17.143Z,2025-07-10T13:25:17.143Z
805,2,1,Updated task status,2025-07-10T13:25:17.147Z,2025-07-10T13:25:17.147Z
806,17,1,Updated task status,2025-07-10T13:25:17.147Z,2025-07-10T13:25:17.147Z
807,18,1,Updated task status,2025-07-10T13:25:26.696Z,2025-07-10T13:25:26.696Z
808,14,1,Updated task status,2025-07-10T13:25:26.700Z,2025-07-10T13:25:26.700Z
809,3,1,Updated task status,2025-07-10T13:25:26.700Z,2025-07-10T13:25:26.700Z
810,25,1,Updated task status,2025-07-10T13:25:26.703Z,2025-07-10T13:25:26.703Z
811,16,1,Updated task status,2025-07-10T13:25:26.703Z,2025-07-10T13:25:26.703Z
812,5,1,Updated task status,2025-07-10T13:25:26.731Z,2025-07-10T13:25:26.731Z
813,13,1,Updated task status,2025-07-10T13:25:26.750Z,2025-07-10T13:25:26.750Z
814,12,1,Updated task status,2025-07-10T13:25:26.755Z,2025-07-10T13:25:26.755Z
815,20,1,Updated task status,2025-07-10T13:25:26.759Z,2025-07-10T13:25:26.759Z
816,15,1,Updated task status,2025-07-10T13:25:26.760Z,2025-07-10T13:25:26.760Z
817,11,1,Updated task status,2025-07-10T13:25:26.761Z,2025-07-10T13:25:26.761Z
818,10,1,Updated task status,2025-07-10T13:25:26.783Z,2025-07-10T13:25:26.783Z
819,4,1,Updated task status,2025-07-10T13:25:26.801Z,2025-07-10T13:25:26.801Z
820,21,1,Updated task status,2025-07-10T13:25:26.805Z,2025-07-10T13:25:26.805Z
821,26,1,Updated task status,2025-07-10T13:25:26.805Z,2025-07-10T13:25:26.805Z
822,41,1,Updated task status,2025-07-10T13:25:26.809Z,2025-07-10T13:25:26.809Z
823,1,1,Updated task status,2025-07-10T13:25:26.809Z,2025-07-10T13:25:26.809Z
824,2,1,Updated task status,2025-07-10T13:25:26.813Z,2025-07-10T13:25:26.813Z
825,17,1,Updated task status,2025-07-10T13:25:26.870Z,2025-07-10T13:25:26.870Z
826,18,1,Updated task status,2025-07-10T13:25:55.517Z,2025-07-10T13:25:55.517Z
827,21,1,Updated task status,2025-07-10T13:25:55.541Z,2025-07-10T13:25:55.541Z
828,14,1,Updated task status,2025-07-10T13:25:55.545Z,2025-07-10T13:25:55.545Z
829,20,1,Updated task status,2025-07-10T13:25:55.546Z,2025-07-10T13:25:55.546Z
830,25,1,Updated task status,2025-07-10T13:25:55.546Z,2025-07-10T13:25:55.546Z
831,3,1,Updated task status,2025-07-10T13:25:55.546Z,2025-07-10T13:25:55.546Z
832,16,1,Updated task status,2025-07-10T13:25:55.548Z,2025-07-10T13:25:55.548Z
833,13,1,Updated task status,2025-07-10T13:25:55.608Z,2025-07-10T13:25:55.608Z
834,5,1,Updated task status,2025-07-10T13:25:55.611Z,2025-07-10T13:25:55.611Z
835,12,1,Updated task status,2025-07-10T13:25:55.611Z,2025-07-10T13:25:55.611Z
836,15,1,Updated task status,2025-07-10T13:25:55.615Z,2025-07-10T13:25:55.615Z
837,11,1,Updated task status,2025-07-10T13:25:55.615Z,2025-07-10T13:25:55.615Z
838,10,1,Updated task status,2025-07-10T13:25:55.616Z,2025-07-10T13:25:55.616Z
839,4,1,Updated task status,2025-07-10T13:25:55.681Z,2025-07-10T13:25:55.681Z
840,17,1,Updated task status,2025-07-10T13:25:55.683Z,2025-07-10T13:25:55.683Z
841,2,1,Updated task status,2025-07-10T13:25:55.687Z,2025-07-10T13:25:55.687Z
842,26,1,Updated task status,2025-07-10T13:25:55.688Z,2025-07-10T13:25:55.688Z
843,41,1,Updated task status,2025-07-10T13:25:55.689Z,2025-07-10T13:25:55.689Z
844,1,1,Updated task status,2025-07-10T13:25:55.695Z,2025-07-10T13:25:55.695Z
845,14,1,Updated task status,2025-07-10T13:40:33.009Z,2025-07-10T13:40:33.009Z
846,3,1,Updated task status,2025-07-10T13:40:33.012Z,2025-07-10T13:40:33.012Z
847,20,1,Updated task status,2025-07-10T13:40:33.019Z,2025-07-10T13:40:33.019Z
848,5,1,Updated task status,2025-07-10T13:40:33.021Z,2025-07-10T13:40:33.021Z
849,21,1,Updated task status,2025-07-10T13:40:33.021Z,2025-07-10T13:40:33.021Z
850,25,1,Updated task status,2025-07-10T13:40:33.077Z,2025-07-10T13:40:33.077Z
851,13,1,Updated task status,2025-07-10T13:40:33.125Z,2025-07-10T13:40:33.125Z
852,10,1,Updated task status,2025-07-10T13:40:33.141Z,2025-07-10T13:40:33.141Z
853,16,1,Updated task status,2025-07-10T13:40:33.142Z,2025-07-10T13:40:33.142Z
854,11,1,Updated task status,2025-07-10T13:40:33.161Z,2025-07-10T13:40:33.161Z
855,12,1,Updated task status,2025-07-10T13:40:33.162Z,2025-07-10T13:40:33.162Z
856,18,1,Updated task status,2025-07-10T13:40:33.163Z,2025-07-10T13:40:33.163Z
857,15,1,Updated task status,2025-07-10T13:40:33.164Z,2025-07-10T13:40:33.164Z
858,26,1,Updated task status,2025-07-10T13:40:33.177Z,2025-07-10T13:40:33.177Z
859,4,1,Updated task status,2025-07-10T13:40:33.193Z,2025-07-10T13:40:33.193Z
860,41,1,Updated task status,2025-07-10T13:40:33.218Z,2025-07-10T13:40:33.218Z
861,2,1,Updated task status,2025-07-10T13:40:33.228Z,2025-07-10T13:40:33.228Z
862,1,1,Updated task status,2025-07-10T13:40:33.229Z,2025-07-10T13:40:33.229Z
863,17,1,Updated task status,2025-07-10T13:40:33.231Z,2025-07-10T13:40:33.231Z
864,3,1,Updated task status,2025-07-10T13:40:34.337Z,2025-07-10T13:40:34.337Z
865,21,1,Updated task status,2025-07-10T13:40:34.341Z,2025-07-10T13:40:34.341Z
866,14,1,Updated task status,2025-07-10T13:40:34.341Z,2025-07-10T13:40:34.341Z
867,13,1,Updated task status,2025-07-10T13:40:34.345Z,2025-07-10T13:40:34.345Z
868,5,1,Updated task status,2025-07-10T13:40:34.377Z,2025-07-10T13:40:34.377Z
869,20,1,Updated task status,2025-07-10T13:40:34.379Z,2025-07-10T13:40:34.379Z
870,25,1,Updated task status,2025-07-10T13:40:34.399Z,2025-07-10T13:40:34.399Z
871,16,1,Updated task status,2025-07-10T13:40:34.429Z,2025-07-10T13:40:34.429Z
872,2,1,Updated task status,2025-07-10T13:40:34.432Z,2025-07-10T13:40:34.432Z
873,18,1,Updated task status,2025-07-10T13:40:34.432Z,2025-07-10T13:40:34.432Z
874,10,1,Updated task status,2025-07-10T13:40:34.433Z,2025-07-10T13:40:34.433Z
875,41,1,Updated task status,2025-07-10T13:40:34.433Z,2025-07-10T13:40:34.433Z
876,11,1,Updated task status,2025-07-10T13:40:34.436Z,2025-07-10T13:40:34.436Z
877,17,1,Updated task status,2025-07-10T13:40:34.486Z,2025-07-10T13:40:34.486Z
878,12,1,Updated task status,2025-07-10T13:40:34.490Z,2025-07-10T13:40:34.490Z
879,15,1,Updated task status,2025-07-10T13:40:34.490Z,2025-07-10T13:40:34.490Z
880,4,1,Updated task status,2025-07-10T13:40:34.491Z,2025-07-10T13:40:34.491Z
881,1,1,Updated task status,2025-07-10T13:40:34.491Z,2025-07-10T13:40:34.491Z
882,26,1,Updated task status,2025-07-10T13:40:34.494Z,2025-07-10T13:40:34.494Z
883,14,1,Updated task status,2025-07-10T13:40:40.526Z,2025-07-10T13:40:40.526Z
884,4,1,Updated task status,2025-07-10T13:40:40.546Z,2025-07-10T13:40:40.546Z
885,21,1,Updated task status,2025-07-10T13:40:40.560Z,2025-07-10T13:40:40.560Z
886,3,1,Updated task status,2025-07-10T13:40:40.561Z,2025-07-10T13:40:40.561Z
887,16,1,Updated task status,2025-07-10T13:40:40.577Z,2025-07-10T13:40:40.577Z
888,20,1,Updated task status,2025-07-10T13:40:40.577Z,2025-07-10T13:40:40.577Z
889,5,1,Updated task status,2025-07-10T13:40:40.612Z,2025-07-10T13:40:40.612Z
890,25,1,Updated task status,2025-07-10T13:40:40.635Z,2025-07-10T13:40:40.635Z
891,12,1,Updated task status,2025-07-10T13:40:40.646Z,2025-07-10T13:40:40.646Z
892,13,1,Updated task status,2025-07-10T13:40:40.647Z,2025-07-10T13:40:40.647Z
893,11,1,Updated task status,2025-07-10T13:40:40.664Z,2025-07-10T13:40:40.664Z
894,18,1,Updated task status,2025-07-10T13:40:40.665Z,2025-07-10T13:40:40.665Z
895,10,1,Updated task status,2025-07-10T13:40:40.674Z,2025-07-10T13:40:40.674Z
896,15,1,Updated task status,2025-07-10T13:40:40.701Z,2025-07-10T13:40:40.701Z
897,1,1,Updated task status,2025-07-10T13:40:40.715Z,2025-07-10T13:40:40.715Z
898,2,1,Updated task status,2025-07-10T13:40:40.723Z,2025-07-10T13:40:40.723Z
899,41,1,Updated task status,2025-07-10T13:40:40.724Z,2025-07-10T13:40:40.724Z
900,17,1,Updated task status,2025-07-10T13:40:40.724Z,2025-07-10T13:40:40.724Z
901,26,1,Updated task status,2025-07-10T13:40:40.760Z,2025-07-10T13:40:40.760Z
902,14,1,Updated task status,2025-07-10T13:47:44.004Z,2025-07-10T13:47:44.004Z
903,4,1,Updated task status,2025-07-10T13:47:44.117Z,2025-07-10T13:47:44.117Z
904,16,1,Updated task status,2025-07-10T13:47:44.127Z,2025-07-10T13:47:44.127Z
905,25,1,Updated task status,2025-07-10T13:47:44.127Z,2025-07-10T13:47:44.127Z
906,13,1,Updated task status,2025-07-10T13:47:44.128Z,2025-07-10T13:47:44.128Z
907,3,1,Updated task status,2025-07-10T13:47:44.128Z,2025-07-10T13:47:44.128Z
908,5,1,Updated task status,2025-07-10T13:47:44.200Z,2025-07-10T13:47:44.200Z
909,20,1,Updated task status,2025-07-10T13:47:44.241Z,2025-07-10T13:47:44.241Z
910,11,1,Updated task status,2025-07-10T13:47:44.241Z,2025-07-10T13:47:44.241Z
911,18,1,Updated task status,2025-07-10T13:47:44.242Z,2025-07-10T13:47:44.242Z
912,10,1,Updated task status,2025-07-10T13:47:44.242Z,2025-07-10T13:47:44.242Z
913,15,1,Updated task status,2025-07-10T13:47:44.248Z,2025-07-10T13:47:44.248Z
914,12,1,Updated task status,2025-07-10T13:47:44.303Z,2025-07-10T13:47:44.303Z
915,26,1,Updated task status,2025-07-10T13:47:44.311Z,2025-07-10T13:47:44.311Z
916,17,1,Updated task status,2025-07-10T13:47:44.322Z,2025-07-10T13:47:44.322Z
917,1,1,Updated task status,2025-07-10T13:47:44.323Z,2025-07-10T13:47:44.323Z
918,41,1,Updated task status,2025-07-10T13:47:44.324Z,2025-07-10T13:47:44.324Z
919,2,1,Updated task status,2025-07-10T13:47:44.346Z,2025-07-10T13:47:44.346Z
920,21,1,Updated task status,2025-07-10T13:47:44.391Z,2025-07-10T13:47:44.391Z
921,4,1,Updated task status,2025-07-10T13:47:45.927Z,2025-07-10T13:47:45.927Z
922,21,1,Updated task status,2025-07-10T13:47:45.931Z,2025-07-10T13:47:45.931Z
923,14,1,Updated task status,2025-07-10T13:47:45.932Z,2025-07-10T13:47:45.932Z
924,3,1,Updated task status,2025-07-10T13:47:45.946Z,2025-07-10T13:47:45.946Z
925,20,1,Updated task status,2025-07-10T13:47:45.959Z,2025-07-10T13:47:45.959Z
926,25,1,Updated task status,2025-07-10T13:47:45.979Z,2025-07-10T13:47:45.979Z
927,13,1,Updated task status,2025-07-10T13:47:45.979Z,2025-07-10T13:47:45.979Z
928,10,1,Updated task status,2025-07-10T13:47:45.990Z,2025-07-10T13:47:45.990Z
929,16,1,Updated task status,2025-07-10T13:47:46.020Z,2025-07-10T13:47:46.020Z
930,2,1,Updated task status,2025-07-10T13:47:46.024Z,2025-07-10T13:47:46.024Z
931,5,1,Updated task status,2025-07-10T13:47:46.024Z,2025-07-10T13:47:46.024Z
932,12,1,Updated task status,2025-07-10T13:47:46.031Z,2025-07-10T13:47:46.031Z
933,15,1,Updated task status,2025-07-10T13:47:46.031Z,2025-07-10T13:47:46.031Z
934,41,1,Updated task status,2025-07-10T13:47:46.036Z,2025-07-10T13:47:46.036Z
935,1,1,Updated task status,2025-07-10T13:47:46.084Z,2025-07-10T13:47:46.084Z
936,17,1,Updated task status,2025-07-10T13:47:46.088Z,2025-07-10T13:47:46.088Z
937,11,1,Updated task status,2025-07-10T13:47:46.089Z,2025-07-10T13:47:46.089Z
938,18,1,Updated task status,2025-07-10T13:47:46.089Z,2025-07-10T13:47:46.089Z
939,26,1,Updated task status,2025-07-10T13:47:46.089Z,2025-07-10T13:47:46.089Z
940,4,1,Updated task status,2025-07-10T13:47:47.843Z,2025-07-10T13:47:47.843Z
941,14,1,Updated task status,2025-07-10T13:47:47.868Z,2025-07-10T13:47:47.868Z
942,25,1,Updated task status,2025-07-10T13:47:47.877Z,2025-07-10T13:47:47.877Z
943,3,1,Updated task status,2025-07-10T13:47:47.878Z,2025-07-10T13:47:47.878Z
944,21,1,Updated task status,2025-07-10T13:47:47.878Z,2025-07-10T13:47:47.878Z
945,16,1,Updated task status,2025-07-10T13:47:47.883Z,2025-07-10T13:47:47.883Z
946,13,1,Updated task status,2025-07-10T13:47:47.884Z,2025-07-10T13:47:47.884Z
947,20,1,Updated task status,2025-07-10T13:47:47.925Z,2025-07-10T13:47:47.925Z
948,18,1,Updated task status,2025-07-10T13:47:47.938Z,2025-07-10T13:47:47.938Z
949,11,1,Updated task status,2025-07-10T13:47:47.939Z,2025-07-10T13:47:47.939Z
950,12,1,Updated task status,2025-07-10T13:47:47.940Z,2025-07-10T13:47:47.940Z
951,15,1,Updated task status,2025-07-10T13:47:47.940Z,2025-07-10T13:47:47.940Z
952,10,1,Updated task status,2025-07-10T13:47:47.944Z,2025-07-10T13:47:47.944Z
953,17,1,Updated task status,2025-07-10T13:47:47.970Z,2025-07-10T13:47:47.970Z
954,41,1,Updated task status,2025-07-10T13:47:47.983Z,2025-07-10T13:47:47.983Z
955,2,1,Updated task status,2025-07-10T13:47:47.983Z,2025-07-10T13:47:47.983Z
956,1,1,Updated task status,2025-07-10T13:47:47.984Z,2025-07-10T13:47:47.984Z
957,26,1,Updated task status,2025-07-10T13:47:47.984Z,2025-07-10T13:47:47.984Z
958,5,1,Updated task status,2025-07-10T13:47:47.987Z,2025-07-10T13:47:47.987Z
959,3,1,Updated task status,2025-07-10T13:47:49.528Z,2025-07-10T13:47:49.528Z
960,13,1,Updated task status,2025-07-10T13:47:49.532Z,2025-07-10T13:47:49.532Z
961,4,1,Updated task status,2025-07-10T13:47:49.532Z,2025-07-10T13:47:49.532Z
962,14,1,Updated task status,2025-07-10T13:47:49.533Z,2025-07-10T13:47:49.533Z
963,21,1,Updated task status,2025-07-10T13:47:49.534Z,2025-07-10T13:47:49.534Z
964,25,1,Updated task status,2025-07-10T13:47:49.570Z,2025-07-10T13:47:49.570Z
965,20,1,Updated task status,2025-07-10T13:47:49.594Z,2025-07-10T13:47:49.594Z
966,15,1,Updated task status,2025-07-10T13:47:49.597Z,2025-07-10T13:47:49.597Z
967,16,1,Updated task status,2025-07-10T13:47:49.597Z,2025-07-10T13:47:49.597Z
968,18,1,Updated task status,2025-07-10T13:47:49.602Z,2025-07-10T13:47:49.602Z
969,12,1,Updated task status,2025-07-10T13:47:49.602Z,2025-07-10T13:47:49.602Z
970,11,1,Updated task status,2025-07-10T13:47:49.605Z,2025-07-10T13:47:49.605Z
971,1,1,Updated task status,2025-07-10T13:47:49.646Z,2025-07-10T13:47:49.646Z
972,26,1,Updated task status,2025-07-10T13:47:49.649Z,2025-07-10T13:47:49.649Z
973,17,1,Updated task status,2025-07-10T13:47:49.653Z,2025-07-10T13:47:49.653Z
974,5,1,Updated task status,2025-07-10T13:47:49.654Z,2025-07-10T13:47:49.654Z
975,41,1,Updated task status,2025-07-10T13:47:49.654Z,2025-07-10T13:47:49.654Z
976,2,1,Updated task status,2025-07-10T13:47:49.657Z,2025-07-10T13:47:49.657Z
977,10,1,Updated task status,2025-07-10T13:47:49.728Z,2025-07-10T13:47:49.728Z
978,21,1,Updated task status,2025-07-10T13:47:50.816Z,2025-07-10T13:47:50.816Z
979,4,1,Updated task status,2025-07-10T13:47:50.820Z,2025-07-10T13:47:50.820Z
980,14,1,Updated task status,2025-07-10T13:47:50.821Z,2025-07-10T13:47:50.821Z
981,16,1,Updated task status,2025-07-10T13:47:50.834Z,2025-07-10T13:47:50.834Z
982,3,1,Updated task status,2025-07-10T13:47:50.835Z,2025-07-10T13:47:50.835Z
983,5,1,Updated task status,2025-07-10T13:47:50.857Z,2025-07-10T13:47:50.857Z
984,25,1,Updated task status,2025-07-10T13:47:50.887Z,2025-07-10T13:47:50.887Z
985,13,1,Updated task status,2025-07-10T13:47:50.888Z,2025-07-10T13:47:50.888Z
986,20,1,Updated task status,2025-07-10T13:47:50.898Z,2025-07-10T13:47:50.898Z
987,15,1,Updated task status,2025-07-10T13:47:50.898Z,2025-07-10T13:47:50.898Z
988,12,1,Updated task status,2025-07-10T13:47:50.901Z,2025-07-10T13:47:50.901Z
989,18,1,Updated task status,2025-07-10T13:47:50.906Z,2025-07-10T13:47:50.906Z
990,11,1,Updated task status,2025-07-10T13:47:50.923Z,2025-07-10T13:47:50.923Z
991,17,1,Updated task status,2025-07-10T13:47:50.943Z,2025-07-10T13:47:50.943Z
992,26,1,Updated task status,2025-07-10T13:47:50.948Z,2025-07-10T13:47:50.948Z
993,1,1,Updated task status,2025-07-10T13:47:50.948Z,2025-07-10T13:47:50.948Z
994,10,1,Updated task status,2025-07-10T13:47:50.948Z,2025-07-10T13:47:50.948Z
995,41,1,Updated task status,2025-07-10T13:47:50.949Z,2025-07-10T13:47:50.949Z
996,2,1,Updated task status,2025-07-10T13:47:50.955Z,2025-07-10T13:47:50.955Z
997,4,1,Updated task status,2025-07-10T13:47:52.387Z,2025-07-10T13:47:52.387Z
998,14,1,Updated task status,2025-07-10T13:47:52.391Z,2025-07-10T13:47:52.391Z
999,21,1,Updated task status,2025-07-10T13:47:52.395Z,2025-07-10T13:47:52.395Z
1000,3,1,Updated task status,2025-07-10T13:47:52.400Z,2025-07-10T13:47:52.400Z
1001,25,1,Updated task status,2025-07-10T13:47:52.400Z,2025-07-10T13:47:52.400Z
1002,13,1,Updated task status,2025-07-10T13:47:52.410Z,2025-07-10T13:47:52.410Z
1003,20,1,Updated task status,2025-07-10T13:47:52.449Z,2025-07-10T13:47:52.449Z
1004,5,1,Updated task status,2025-07-10T13:47:52.453Z,2025-07-10T13:47:52.453Z
1005,15,1,Updated task status,2025-07-10T13:47:52.460Z,2025-07-10T13:47:52.460Z
1006,18,1,Updated task status,2025-07-10T13:47:52.461Z,2025-07-10T13:47:52.461Z
1007,1,1,Updated task status,2025-07-10T13:47:52.461Z,2025-07-10T13:47:52.461Z
1008,2,1,Updated task status,2025-07-10T13:47:52.469Z,2025-07-10T13:47:52.469Z
1009,12,1,Updated task status,2025-07-10T13:47:52.526Z,2025-07-10T13:47:52.526Z
1010,17,1,Updated task status,2025-07-10T13:47:52.530Z,2025-07-10T13:47:52.530Z
1011,16,1,Updated task status,2025-07-10T13:47:52.530Z,2025-07-10T13:47:52.530Z
1012,41,1,Updated task status,2025-07-10T13:47:52.531Z,2025-07-10T13:47:52.531Z
1013,11,1,Updated task status,2025-07-10T13:47:52.531Z,2025-07-10T13:47:52.531Z
1014,26,1,Updated task status,2025-07-10T13:47:52.563Z,2025-07-10T13:47:52.563Z
1015,10,1,Updated task status,2025-07-10T13:47:52.574Z,2025-07-10T13:47:52.574Z
1016,14,1,Updated task status,2025-07-10T13:47:54.491Z,2025-07-10T13:47:54.491Z
1017,17,1,Updated task status,2025-07-10T13:47:54.495Z,2025-07-10T13:47:54.495Z
1018,21,1,Updated task status,2025-07-10T13:47:54.495Z,2025-07-10T13:47:54.495Z
1019,4,1,Updated task status,2025-07-10T13:47:54.528Z,2025-07-10T13:47:54.528Z
1020,20,1,Updated task status,2025-07-10T13:47:54.531Z,2025-07-10T13:47:54.531Z
1021,3,1,Updated task status,2025-07-10T13:47:54.531Z,2025-07-10T13:47:54.531Z
1022,13,1,Updated task status,2025-07-10T13:47:54.535Z,2025-07-10T13:47:54.535Z
1023,5,1,Updated task status,2025-07-10T13:47:54.536Z,2025-07-10T13:47:54.536Z
1024,25,1,Updated task status,2025-07-10T13:47:54.544Z,2025-07-10T13:47:54.544Z
1025,11,1,Updated task status,2025-07-10T13:47:54.593Z,2025-07-10T13:47:54.593Z
1026,18,1,Updated task status,2025-07-10T13:47:54.598Z,2025-07-10T13:47:54.598Z
1027,12,1,Updated task status,2025-07-10T13:47:54.613Z,2025-07-10T13:47:54.613Z
1028,26,1,Updated task status,2025-07-10T13:47:54.614Z,2025-07-10T13:47:54.614Z
1029,15,1,Updated task status,2025-07-10T13:47:54.614Z,2025-07-10T13:47:54.614Z
1030,1,1,Updated task status,2025-07-10T13:47:54.615Z,2025-07-10T13:47:54.615Z
1031,16,1,Updated task status,2025-07-10T13:47:54.632Z,2025-07-10T13:47:54.632Z
1032,10,1,Updated task status,2025-07-10T13:47:54.662Z,2025-07-10T13:47:54.662Z
1033,41,1,Updated task status,2025-07-10T13:47:54.678Z,2025-07-10T13:47:54.678Z
1034,2,1,Updated task status,2025-07-10T13:47:54.689Z,2025-07-10T13:47:54.689Z
1035,17,1,Updated task status,2025-07-10T13:56:51.815Z,2025-07-10T13:56:51.815Z
1036,4,1,Updated task status,2025-07-10T13:56:51.833Z,2025-07-10T13:56:51.833Z
1037,14,1,Updated task status,2025-07-10T13:56:51.843Z,2025-07-10T13:56:51.843Z
1038,21,1,Updated task status,2025-07-10T13:56:51.843Z,2025-07-10T13:56:51.843Z
1039,3,1,Updated task status,2025-07-10T13:56:51.844Z,2025-07-10T13:56:51.844Z
1040,20,1,Updated task status,2025-07-10T13:56:51.894Z,2025-07-10T13:56:51.894Z
1041,5,1,Updated task status,2025-07-10T13:56:51.895Z,2025-07-10T13:56:51.895Z
1042,13,1,Updated task status,2025-07-10T13:56:51.934Z,2025-07-10T13:56:51.934Z
1043,25,1,Updated task status,2025-07-10T13:56:51.950Z,2025-07-10T13:56:51.950Z
1044,12,1,Updated task status,2025-07-10T13:56:51.953Z,2025-07-10T13:56:51.953Z
1045,18,1,Updated task status,2025-07-10T13:56:51.956Z,2025-07-10T13:56:51.956Z
1046,11,1,Updated task status,2025-07-10T13:56:51.966Z,2025-07-10T13:56:51.966Z
1047,15,1,Updated task status,2025-07-10T13:56:51.986Z,2025-07-10T13:56:51.986Z
1048,16,1,Updated task status,2025-07-10T13:56:52.004Z,2025-07-10T13:56:52.004Z
1049,26,1,Updated task status,2025-07-10T13:56:52.022Z,2025-07-10T13:56:52.022Z
1050,1,1,Updated task status,2025-07-10T13:56:52.036Z,2025-07-10T13:56:52.036Z
1051,41,1,Updated task status,2025-07-10T13:56:52.036Z,2025-07-10T13:56:52.036Z
1052,2,1,Updated task status,2025-07-10T13:56:52.044Z,2025-07-10T13:56:52.044Z
1053,10,1,Updated task status,2025-07-10T13:56:52.046Z,2025-07-10T13:56:52.046Z
1054,17,1,Updated task status,2025-07-10T13:56:56.237Z,2025-07-10T13:56:56.237Z
1055,4,1,Updated task status,2025-07-10T13:56:56.241Z,2025-07-10T13:56:56.241Z
1056,14,1,Updated task status,2025-07-10T13:56:56.241Z,2025-07-10T13:56:56.241Z
1057,3,1,Updated task status,2025-07-10T13:56:56.242Z,2025-07-10T13:56:56.242Z
1058,21,1,Updated task status,2025-07-10T13:56:56.242Z,2025-07-10T13:56:56.242Z
1059,12,1,Updated task status,2025-07-10T13:56:56.297Z,2025-07-10T13:56:56.297Z
1060,5,1,Updated task status,2025-07-10T13:56:56.299Z,2025-07-10T13:56:56.299Z
1061,13,1,Updated task status,2025-07-10T13:56:56.302Z,2025-07-10T13:56:56.302Z
1062,20,1,Updated task status,2025-07-10T13:56:56.303Z,2025-07-10T13:56:56.303Z
1063,25,1,Updated task status,2025-07-10T13:56:56.316Z,2025-07-10T13:56:56.316Z
1064,15,1,Updated task status,2025-07-10T13:56:56.323Z,2025-07-10T13:56:56.323Z
1065,11,1,Updated task status,2025-07-10T13:56:56.340Z,2025-07-10T13:56:56.340Z
1066,1,1,Updated task status,2025-07-10T13:56:56.359Z,2025-07-10T13:56:56.359Z
1067,41,1,Updated task status,2025-07-10T13:56:56.362Z,2025-07-10T13:56:56.362Z
1068,2,1,Updated task status,2025-07-10T13:56:56.366Z,2025-07-10T13:56:56.366Z
1069,16,1,Updated task status,2025-07-10T13:56:56.367Z,2025-07-10T13:56:56.367Z
1070,18,1,Updated task status,2025-07-10T13:56:56.367Z,2025-07-10T13:56:56.367Z
1071,26,1,Updated task status,2025-07-10T13:56:56.386Z,2025-07-10T13:56:56.386Z
1072,10,1,Updated task status,2025-07-10T13:56:56.419Z,2025-07-10T13:56:56.419Z
1073,12,1,"Updated task name, description, assignee, status",2025-07-10T13:57:01.959Z,2025-07-10T13:57:01.959Z
1074,5,1,"Updated task name, description, assignee, status",2025-07-10T13:57:15.710Z,2025-07-10T13:57:15.710Z
1075,5,1,"Updated task name, description, assignee, status",2025-07-10T13:57:34.419Z,2025-07-10T13:57:34.419Z
1076,1,1,"Updated task name, description, assignee, status",2025-07-10T13:59:34.558Z,2025-07-10T13:59:34.558Z
1077,1,1,"Updated task name, description, assignee, status",2025-07-10T13:59:59.164Z,2025-07-10T13:59:59.164Z
1078,23,1,"Updated task name, description, assignee",2025-07-10T14:09:12.629Z,2025-07-10T14:09:12.629Z
1079,42,1,Created task,2025-07-10T14:16:25.649Z,2025-07-10T14:16:25.649Z
1080,43,1,Created task,2025-07-10T14:35:46.624Z,2025-07-10T14:35:46.624Z
1081,44,1,Created task,2025-07-10T14:42:42.828Z,2025-07-10T14:42:42.828Z
1082,45,1,Created task,2025-07-10T15:32:01.022Z,2025-07-10T15:32:01.022Z
1083,46,1,Created task,2025-07-10T15:34:38.829Z,2025-07-10T15:34:38.829Z
1084,47,1,Created task,2025-07-10T15:34:59.505Z,2025-07-10T15:34:59.505Z
1085,1,1,"Updated task name, description, assignee, status",2025-07-10T16:15:13.397Z,2025-07-10T16:15:13.397Z
1086,21,1,Updated task status,2025-07-11T15:08:26.676Z,2025-07-11T15:08:26.676Z
1087,14,1,Updated task status,2025-07-11T15:08:26.687Z,2025-07-11T15:08:26.687Z
1088,3,1,Updated task status,2025-07-11T15:08:26.694Z,2025-07-11T15:08:26.694Z
1089,17,1,Updated task status,2025-07-11T15:08:26.723Z,2025-07-11T15:08:26.723Z
1090,13,1,Updated task status,2025-07-11T15:08:26.724Z,2025-07-11T15:08:26.724Z
1091,20,1,Updated task status,2025-07-11T15:08:26.730Z,2025-07-11T15:08:26.730Z
1092,12,1,Updated task status,2025-07-11T15:08:26.735Z,2025-07-11T15:08:26.735Z
1093,25,1,Updated task status,2025-07-11T15:08:26.736Z,2025-07-11T15:08:26.736Z
1094,5,1,Updated task status,2025-07-11T15:08:26.744Z,2025-07-11T15:08:26.744Z
1095,18,1,Updated task status,2025-07-11T15:08:26.767Z,2025-07-11T15:08:26.767Z
1096,15,1,Updated task status,2025-07-11T15:08:26.800Z,2025-07-11T15:08:26.800Z
1097,16,1,Updated task status,2025-07-11T15:08:26.806Z,2025-07-11T15:08:26.806Z
1098,41,1,Updated task status,2025-07-11T15:08:26.806Z,2025-07-11T15:08:26.806Z
1099,26,1,Updated task status,2025-07-11T15:08:26.806Z,2025-07-11T15:08:26.806Z
1100,11,1,Updated task status,2025-07-11T15:08:26.807Z,2025-07-11T15:08:26.807Z
1101,1,1,Updated task status,2025-07-11T15:08:26.816Z,2025-07-11T15:08:26.816Z
1102,4,1,Updated task status,2025-07-11T15:08:26.879Z,2025-07-11T15:08:26.879Z
1103,10,1,Updated task status,2025-07-11T15:08:26.883Z,2025-07-11T15:08:26.883Z
1104,2,1,Updated task status,2025-07-11T15:08:26.884Z,2025-07-11T15:08:26.884Z
1105,16,1,"Updated task name, description, assignee, status",2025-07-11T15:47:26.572Z,2025-07-11T15:47:26.572Z
1106,17,1,Updated task status,2025-07-11T16:41:34.029Z,2025-07-11T16:41:34.029Z
1107,21,1,Updated task status,2025-07-11T16:41:34.033Z,2025-07-11T16:41:34.033Z
1108,12,1,Updated task status,2025-07-11T16:41:34.033Z,2025-07-11T16:41:34.033Z
1109,3,1,Updated task status,2025-07-11T16:41:34.034Z,2025-07-11T16:41:34.034Z
1110,14,1,Updated task status,2025-07-11T16:41:34.034Z,2025-07-11T16:41:34.034Z
1111,25,1,Updated task status,2025-07-11T16:41:34.043Z,2025-07-11T16:41:34.043Z
1112,5,1,Updated task status,2025-07-11T16:41:34.112Z,2025-07-11T16:41:34.112Z
1113,20,1,Updated task status,2025-07-11T16:41:34.116Z,2025-07-11T16:41:34.116Z
1114,18,1,Updated task status,2025-07-11T16:41:34.116Z,2025-07-11T16:41:34.116Z
1115,15,1,Updated task status,2025-07-11T16:41:34.116Z,2025-07-11T16:41:34.116Z
1116,13,1,Updated task status,2025-07-11T16:41:34.117Z,2025-07-11T16:41:34.117Z
1117,11,1,Updated task status,2025-07-11T16:41:34.120Z,2025-07-11T16:41:34.120Z
1118,16,1,Updated task status,2025-07-11T16:41:34.171Z,2025-07-11T16:41:34.171Z
1119,1,1,Updated task status,2025-07-11T16:41:34.175Z,2025-07-11T16:41:34.175Z
1120,41,1,Updated task status,2025-07-11T16:41:34.175Z,2025-07-11T16:41:34.175Z
1121,10,1,Updated task status,2025-07-11T16:41:34.176Z,2025-07-11T16:41:34.176Z
1122,26,1,Updated task status,2025-07-11T16:41:34.176Z,2025-07-11T16:41:34.176Z
1123,4,1,Updated task status,2025-07-11T16:41:34.178Z,2025-07-11T16:41:34.178Z
1124,2,1,Updated task status,2025-07-11T16:41:34.243Z,2025-07-11T16:41:34.243Z
1125,17,1,Updated task status,2025-07-11T16:41:38.352Z,2025-07-11T16:41:38.352Z
1126,12,1,Updated task status,2025-07-11T16:41:38.361Z,2025-07-11T16:41:38.361Z
1127,21,1,Updated task status,2025-07-11T16:41:38.361Z,2025-07-11T16:41:38.361Z
1128,3,1,Updated task status,2025-07-11T16:41:38.362Z,2025-07-11T16:41:38.362Z
1129,5,1,Updated task status,2025-07-11T16:41:38.362Z,2025-07-11T16:41:38.362Z
1130,13,1,Updated task status,2025-07-11T16:41:38.364Z,2025-07-11T16:41:38.364Z
1131,20,1,Updated task status,2025-07-11T16:41:38.443Z,2025-07-11T16:41:38.443Z
1132,11,1,Updated task status,2025-07-11T16:41:38.450Z,2025-07-11T16:41:38.450Z
1133,15,1,Updated task status,2025-07-11T16:41:38.451Z,2025-07-11T16:41:38.451Z
1134,25,1,Updated task status,2025-07-11T16:41:38.451Z,2025-07-11T16:41:38.451Z
1135,14,1,Updated task status,2025-07-11T16:41:38.451Z,2025-07-11T16:41:38.451Z
1136,26,1,Updated task status,2025-07-11T16:41:38.454Z,2025-07-11T16:41:38.454Z
1137,16,1,Updated task status,2025-07-11T16:41:38.500Z,2025-07-11T16:41:38.500Z
1138,18,1,Updated task status,2025-07-11T16:41:38.504Z,2025-07-11T16:41:38.504Z
1139,4,1,Updated task status,2025-07-11T16:41:38.505Z,2025-07-11T16:41:38.505Z
1140,1,1,Updated task status,2025-07-11T16:41:38.505Z,2025-07-11T16:41:38.505Z
1141,41,1,Updated task status,2025-07-11T16:41:38.506Z,2025-07-11T16:41:38.506Z
1142,2,1,Updated task status,2025-07-11T16:41:38.515Z,2025-07-11T16:41:38.515Z
1143,10,1,Updated task status,2025-07-11T16:41:38.583Z,2025-07-11T16:41:38.583Z
1144,45,1,"Updated task name, description, assignee",2025-07-11T20:09:58.364Z,2025-07-11T20:09:58.364Z
1145,45,1,"Updated task name, description, assignee",2025-07-11T20:10:08.300Z,2025-07-11T20:10:08.300Z
1146,45,1,"Updated task name, description, assignee",2025-07-11T20:12:12.535Z,2025-07-11T20:12:12.535Z
1147,45,1,"Updated task name, description, assignee",2025-07-11T20:12:38.901Z,2025-07-11T20:12:38.901Z
1148,40,1,"Updated task name, description",2025-07-11T20:48:35.498Z,2025-07-11T20:48:35.498Z
1149,42,1,"Updated task name, description",2025-07-11T20:49:36.837Z,2025-07-11T20:49:36.837Z
1150,5,1,"Updated task name, description, assignee, status",2025-07-11T21:04:11.784Z,2025-07-11T21:04:11.784Z
1151,5,1,"Updated task name, description, assignee, status",2025-07-11T21:04:25.344Z,2025-07-11T21:04:25.344Z
1152,39,1,"Updated task name, description",2025-07-12T11:04:17.150Z,2025-07-12T11:04:17.150Z
1153,39,1,"Updated task name, description",2025-07-12T11:06:34.149Z,2025-07-12T11:06:34.149Z
1154,39,1,"Updated task name, description",2025-07-12T11:25:31.094Z,2025-07-12T11:25:31.094Z
1155,1,1,"Updated task name, description, assignee, status",2025-07-12T11:29:05.277Z,2025-07-12T11:29:05.277Z
1156,1,1,"Updated task name, description, assignee, status",2025-07-12T11:29:20.638Z,2025-07-12T11:29:20.638Z
1157,3,1,Updated task status,2025-07-12T11:29:26.080Z,2025-07-12T11:29:26.080Z
1158,12,1,Updated task status,2025-07-12T11:29:26.118Z,2025-07-12T11:29:26.118Z
1159,17,1,Updated task status,2025-07-12T11:29:26.122Z,2025-07-12T11:29:26.122Z
1160,25,1,Updated task status,2025-07-12T11:29:26.123Z,2025-07-12T11:29:26.123Z
1161,13,1,Updated task status,2025-07-12T11:29:26.123Z,2025-07-12T11:29:26.123Z
1162,21,1,Updated task status,2025-07-12T11:29:26.124Z,2025-07-12T11:29:26.124Z
1163,20,1,Updated task status,2025-07-12T11:29:26.189Z,2025-07-12T11:29:26.189Z
1164,15,1,Updated task status,2025-07-12T11:29:26.193Z,2025-07-12T11:29:26.193Z
1165,11,1,Updated task status,2025-07-12T11:29:26.194Z,2025-07-12T11:29:26.194Z
1166,5,1,Updated task status,2025-07-12T11:29:26.194Z,2025-07-12T11:29:26.194Z
1167,18,1,Updated task status,2025-07-12T11:29:26.194Z,2025-07-12T11:29:26.194Z
1168,14,1,Updated task status,2025-07-12T11:29:26.197Z,2025-07-12T11:29:26.197Z
1169,1,1,Updated task status,2025-07-12T11:29:26.246Z,2025-07-12T11:29:26.246Z
1170,26,1,Updated task status,2025-07-12T11:29:26.250Z,2025-07-12T11:29:26.250Z
1171,16,1,Updated task status,2025-07-12T11:29:26.250Z,2025-07-12T11:29:26.250Z
1172,41,1,Updated task status,2025-07-12T11:29:26.251Z,2025-07-12T11:29:26.251Z
1173,4,1,Updated task status,2025-07-12T11:29:26.251Z,2025-07-12T11:29:26.251Z
1174,10,1,Updated task status,2025-07-12T11:29:26.259Z,2025-07-12T11:29:26.259Z
1175,2,1,Updated task status,2025-07-12T11:29:26.312Z,2025-07-12T11:29:26.312Z
1176,3,1,Updated task status,2025-07-12T11:29:28.463Z,2025-07-12T11:29:28.463Z
1177,17,1,Updated task status,2025-07-12T11:29:28.467Z,2025-07-12T11:29:28.467Z
1178,12,1,Updated task status,2025-07-12T11:29:28.468Z,2025-07-12T11:29:28.468Z
1179,14,1,Updated task status,2025-07-12T11:29:28.490Z,2025-07-12T11:29:28.490Z
1180,21,1,Updated task status,2025-07-12T11:29:28.492Z,2025-07-12T11:29:28.492Z
1181,25,1,Updated task status,2025-07-12T11:29:28.508Z,2025-07-12T11:29:28.508Z
1182,13,1,Updated task status,2025-07-12T11:29:28.524Z,2025-07-12T11:29:28.524Z
1183,20,1,Updated task status,2025-07-12T11:29:28.538Z,2025-07-12T11:29:28.538Z
1184,5,1,Updated task status,2025-07-12T11:29:28.539Z,2025-07-12T11:29:28.539Z
1185,11,1,Updated task status,2025-07-12T11:29:28.568Z,2025-07-12T11:29:28.568Z
1186,16,1,Updated task status,2025-07-12T11:29:28.571Z,2025-07-12T11:29:28.571Z
1187,41,1,Updated task status,2025-07-12T11:29:28.571Z,2025-07-12T11:29:28.571Z
1188,18,1,Updated task status,2025-07-12T11:29:28.572Z,2025-07-12T11:29:28.572Z
1189,15,1,Updated task status,2025-07-12T11:29:28.572Z,2025-07-12T11:29:28.572Z
1190,26,1,Updated task status,2025-07-12T11:29:28.601Z,2025-07-12T11:29:28.601Z
1191,4,1,Updated task status,2025-07-12T11:29:28.621Z,2025-07-12T11:29:28.621Z
1192,2,1,Updated task status,2025-07-12T11:29:28.625Z,2025-07-12T11:29:28.625Z
1193,1,1,Updated task status,2025-07-12T11:29:28.626Z,2025-07-12T11:29:28.626Z
1194,10,1,Updated task status,2025-07-12T11:29:28.626Z,2025-07-12T11:29:28.626Z
1195,12,1,Updated task status,2025-07-12T11:29:38.708Z,2025-07-12T11:29:38.708Z
1196,21,1,Updated task status,2025-07-12T11:29:38.712Z,2025-07-12T11:29:38.712Z
1197,3,1,Updated task status,2025-07-12T11:29:38.713Z,2025-07-12T11:29:38.713Z
1198,20,1,Updated task status,2025-07-12T11:29:38.727Z,2025-07-12T11:29:38.727Z
1199,17,1,Updated task status,2025-07-12T11:29:38.729Z,2025-07-12T11:29:38.729Z
1200,25,1,Updated task status,2025-07-12T11:29:38.763Z,2025-07-12T11:29:38.763Z
1201,5,1,Updated task status,2025-07-12T11:29:38.764Z,2025-07-12T11:29:38.764Z
1202,14,1,Updated task status,2025-07-12T11:29:38.764Z,2025-07-12T11:29:38.764Z
1203,13,1,Updated task status,2025-07-12T11:29:38.773Z,2025-07-12T11:29:38.773Z
1204,15,1,Updated task status,2025-07-12T11:29:38.807Z,2025-07-12T11:29:38.807Z
1205,18,1,Updated task status,2025-07-12T11:29:38.810Z,2025-07-12T11:29:38.810Z
1206,11,1,Updated task status,2025-07-12T11:29:38.810Z,2025-07-12T11:29:38.810Z
1207,26,1,Updated task status,2025-07-12T11:29:38.814Z,2025-07-12T11:29:38.814Z
1208,1,1,Updated task status,2025-07-12T11:29:38.815Z,2025-07-12T11:29:38.815Z
1209,41,1,Updated task status,2025-07-12T11:29:38.819Z,2025-07-12T11:29:38.819Z
1210,16,1,Updated task status,2025-07-12T11:29:38.877Z,2025-07-12T11:29:38.877Z
1211,2,1,Updated task status,2025-07-12T11:29:38.881Z,2025-07-12T11:29:38.881Z
1212,10,1,Updated task status,2025-07-12T11:29:38.882Z,2025-07-12T11:29:38.882Z
1213,4,1,Updated task status,2025-07-12T11:29:38.882Z,2025-07-12T11:29:38.882Z
1214,1,1,"Updated task name, description, assignee, status",2025-07-12T11:29:50.398Z,2025-07-12T11:29:50.398Z
1215,1,1,"Updated task name, description, assignee, status",2025-07-12T11:30:01.876Z,2025-07-12T11:30:01.876Z
1216,1,1,"Updated task name, description, assignee, status",2025-07-12T11:30:08.318Z,2025-07-12T11:30:08.318Z
1217,1,1,"Updated task name, description, assignee, status",2025-07-12T11:30:15.694Z,2025-07-12T11:30:15.694Z
1218,1,1,"Updated task name, description, assignee, status",2025-07-12T11:30:26.872Z,2025-07-12T11:30:26.872Z
1219,1,1,"Updated task name, description, assignee, status",2025-07-12T11:31:09.827Z,2025-07-12T11:31:09.827Z
1220,3,1,Updated task status,2025-07-12T11:31:12.312Z,2025-07-12T11:31:12.312Z
1221,12,1,Updated task status,2025-07-12T11:31:12.316Z,2025-07-12T11:31:12.316Z
1222,17,1,Updated task status,2025-07-12T11:31:12.341Z,2025-07-12T11:31:12.341Z
1223,21,1,Updated task status,2025-07-12T11:31:12.342Z,2025-07-12T11:31:12.342Z
1224,14,1,Updated task status,2025-07-12T11:31:12.355Z,2025-07-12T11:31:12.355Z
1225,13,1,Updated task status,2025-07-12T11:31:12.355Z,2025-07-12T11:31:12.355Z
1226,20,1,Updated task status,2025-07-12T11:31:12.375Z,2025-07-12T11:31:12.375Z
1227,25,1,Updated task status,2025-07-12T11:31:12.395Z,2025-07-12T11:31:12.395Z
1228,18,1,Updated task status,2025-07-12T11:31:12.399Z,2025-07-12T11:31:12.399Z
1229,11,1,Updated task status,2025-07-12T11:31:12.403Z,2025-07-12T11:31:12.403Z
1230,5,1,Updated task status,2025-07-12T11:31:12.404Z,2025-07-12T11:31:12.404Z
1231,15,1,Updated task status,2025-07-12T11:31:12.404Z,2025-07-12T11:31:12.404Z
1232,1,1,Updated task status,2025-07-12T11:31:12.418Z,2025-07-12T11:31:12.418Z
1233,41,1,Updated task status,2025-07-12T11:31:12.478Z,2025-07-12T11:31:12.478Z
1234,10,1,Updated task status,2025-07-12T11:31:12.481Z,2025-07-12T11:31:12.481Z
1235,2,1,Updated task status,2025-07-12T11:31:12.481Z,2025-07-12T11:31:12.481Z
1236,26,1,Updated task status,2025-07-12T11:31:12.482Z,2025-07-12T11:31:12.482Z
1237,16,1,Updated task status,2025-07-12T11:31:12.482Z,2025-07-12T11:31:12.482Z
1238,4,1,Updated task status,2025-07-12T11:31:12.484Z,2025-07-12T11:31:12.484Z
1239,12,1,Updated task status,2025-07-12T11:31:20.000Z,2025-07-12T11:31:20.000Z
1240,1,1,Updated task status,2025-07-12T11:31:20.004Z,2025-07-12T11:31:20.004Z
1241,17,1,Updated task status,2025-07-12T11:31:20.004Z,2025-07-12T11:31:20.004Z
1242,21,1,Updated task status,2025-07-12T11:31:20.005Z,2025-07-12T11:31:20.005Z
1243,3,1,Updated task status,2025-07-12T11:31:20.005Z,2025-07-12T11:31:20.005Z
1244,20,1,Updated task status,2025-07-12T11:31:20.008Z,2025-07-12T11:31:20.008Z
1245,5,1,Updated task status,2025-07-12T11:31:20.108Z,2025-07-12T11:31:20.108Z
1246,13,1,Updated task status,2025-07-12T11:31:20.112Z,2025-07-12T11:31:20.112Z
1247,25,1,Updated task status,2025-07-12T11:31:20.112Z,2025-07-12T11:31:20.112Z
1248,14,1,Updated task status,2025-07-12T11:31:20.113Z,2025-07-12T11:31:20.113Z
1249,18,1,Updated task status,2025-07-12T11:31:20.113Z,2025-07-12T11:31:20.113Z
1250,15,1,Updated task status,2025-07-12T11:31:20.140Z,2025-07-12T11:31:20.140Z
1251,11,1,Updated task status,2025-07-12T11:31:20.165Z,2025-07-12T11:31:20.165Z
1252,16,1,Updated task status,2025-07-12T11:31:20.174Z,2025-07-12T11:31:20.174Z
1253,26,1,Updated task status,2025-07-12T11:31:20.175Z,2025-07-12T11:31:20.175Z
1254,2,1,Updated task status,2025-07-12T11:31:20.175Z,2025-07-12T11:31:20.175Z
1255,41,1,Updated task status,2025-07-12T11:31:20.176Z,2025-07-12T11:31:20.176Z
1256,10,1,Updated task status,2025-07-12T11:31:20.182Z,2025-07-12T11:31:20.182Z
1257,4,1,Updated task status,2025-07-12T11:31:20.226Z,2025-07-12T11:31:20.226Z
1258,1,1,"Updated task name, description, assignee, status",2025-07-12T11:31:28.905Z,2025-07-12T11:31:28.905Z
1259,39,1,"Updated task name, description",2025-07-12T11:59:12.882Z,2025-07-12T11:59:12.882Z
1260,10,1,"Updated task name, description, assignee, status",2025-07-12T12:12:36.848Z,2025-07-12T12:12:36.848Z
1261,36,1,Updated task status,2025-07-12T18:14:12.320Z,2025-07-12T18:14:12.320Z
1262,35,1,Updated task status,2025-07-12T18:14:12.324Z,2025-07-12T18:14:12.324Z
1263,35,1,Updated task status,2025-07-13T11:49:14.472Z,2025-07-13T11:49:14.472Z
1264,36,1,Updated task status,2025-07-13T11:49:14.476Z,2025-07-13T11:49:14.476Z
1265,36,1,Updated task status,2025-07-13T11:49:17.249Z,2025-07-13T11:49:17.249Z
1266,35,1,Updated task status,2025-07-13T11:49:17.253Z,2025-07-13T11:49:17.253Z
1267,48,1,Created task,2025-07-13T12:08:51.240Z,2025-07-13T12:08:51.240Z
1268,49,1,Created task,2025-07-13T12:09:05.484Z,2025-07-13T12:09:05.484Z
1269,50,1,Created task,2025-07-13T12:09:05.642Z,2025-07-13T12:09:05.642Z
1270,48,1,"Updated task name, description",2025-07-13T12:09:36.182Z,2025-07-13T12:09:36.182Z
1271,49,1,"Updated task name, description",2025-07-13T12:09:36.443Z,2025-07-13T12:09:36.443Z
1272,50,1,"Updated task name, description",2025-07-13T12:09:36.618Z,2025-07-13T12:09:36.618Z
1273,36,1,Updated task status,2025-07-13T12:10:39.863Z,2025-07-13T12:10:39.863Z
1274,35,1,Updated task status,2025-07-13T12:10:39.866Z,2025-07-13T12:10:39.866Z
1275,50,1,Updated task status,2025-07-13T12:10:39.874Z,2025-07-13T12:10:39.874Z
1276,49,1,Updated task status,2025-07-13T12:10:39.875Z,2025-07-13T12:10:39.875Z
1277,48,1,Updated task status,2025-07-13T12:10:39.877Z,2025-07-13T12:10:39.877Z
1278,36,1,Updated task status,2025-07-13T12:10:43.055Z,2025-07-13T12:10:43.055Z
1279,49,1,Updated task status,2025-07-13T12:10:43.059Z,2025-07-13T12:10:43.059Z
1280,48,1,Updated task status,2025-07-13T12:10:43.060Z,2025-07-13T12:10:43.060Z
1281,50,1,Updated task status,2025-07-13T12:10:43.060Z,2025-07-13T12:10:43.060Z
1282,35,1,Updated task status,2025-07-13T12:10:43.060Z,2025-07-13T12:10:43.060Z
1283,48,1,Updated task status,2025-07-13T12:10:59.904Z,2025-07-13T12:10:59.904Z
1284,36,1,Updated task status,2025-07-13T12:10:59.913Z,2025-07-13T12:10:59.913Z
1285,50,1,Updated task status,2025-07-13T12:10:59.922Z,2025-07-13T12:10:59.922Z
1286,49,1,Updated task status,2025-07-13T12:10:59.923Z,2025-07-13T12:10:59.923Z
1287,35,1,Updated task status,2025-07-13T12:10:59.925Z,2025-07-13T12:10:59.925Z
